INSERT INTO authusers.oauth_access_token (token_id, token, authentication_id, user_name, client_id, authentication, refresh_token) VALUES ('19054a04fcc2f9ee184242a0fe6ffa63', 0xACED0005737200436F72672E737072696E676672616D65776F726B2E73656375726974792E6F61757468322E636F6D6D6F6E2E44656661756C744F4175746832416363657373546F6B656E0CB29E361B24FACE0200064C00156164646974696F6E616C496E666F726D6174696F6E74000F4C6A6176612F7574696C2F4D61703B4C000A65787069726174696F6E7400104C6A6176612F7574696C2F446174653B4C000C72656672657368546F6B656E74003F4C6F72672F737072696E676672616D65776F726B2F73656375726974792F6F61757468322F636F6D6D6F6E2F4F417574683252656672657368546F6B656E3B4C000573636F706574000F4C6A6176612F7574696C2F5365743B4C0009746F6B656E547970657400124C6A6176612F6C616E672F537472696E673B4C000576616C756571007E000578707372001E6A6176612E7574696C2E436F6C6C656374696F6E7324456D7074794D6170593614855ADCE7D002000078707372000E6A6176612E7574696C2E44617465686A81014B59741903000078707708000001705CD5DC26787372004C6F72672E737072696E676672616D65776F726B2E73656375726974792E6F61757468322E636F6D6D6F6E2E44656661756C744578706972696E674F417574683252656672657368546F6B656E2FDF47639DD0C9B70200014C000A65787069726174696F6E71007E0002787200446F72672E737072696E676672616D65776F726B2E73656375726974792E6F61757468322E636F6D6D6F6E2E44656661756C744F417574683252656672657368546F6B656E73E10E0A6354D45E0200014C000576616C756571007E0005787074002434363634376663662D303034662D343866652D613064362D3833363038356366383536357371007E00097708000001705E9C0C0A78737200256A6176612E7574696C2E436F6C6C656374696F6E7324556E6D6F6469666961626C65536574801D92D18F9B80550200007872002C6A6176612E7574696C2E436F6C6C656374696F6E7324556E6D6F6469666961626C65436F6C6C656374696F6E19420080CB5EF71E0200014C0001637400164C6A6176612F7574696C2F436F6C6C656374696F6E3B7870737200176A6176612E7574696C2E4C696E6B656448617368536574D86CD75A95DD2A1E020000787200116A6176612E7574696C2E48617368536574BA44859596B8B7340300007870770C000000023F400000000000017400067365727665727874000662656172657274002463613561343138322D356336352D343634362D386236372D623265346231613536323633, '28bb325016cbda467fc09976972d3dd1', null, '_CsfltCDjn-RPgxf6hHEjetUIYQDaMa8gM5hpqE-j2A', 0xACED0005737200416F72672E737072696E676672616D65776F726B2E73656375726974792E6F61757468322E70726F76696465722E4F417574683241757468656E7469636174696F6EBD400B02166252130200024C000D73746F7265645265717565737474003C4C6F72672F737072696E676672616D65776F726B2F73656375726974792F6F61757468322F70726F76696465722F4F4175746832526571756573743B4C00127573657241757468656E7469636174696F6E7400324C6F72672F737072696E676672616D65776F726B2F73656375726974792F636F72652F41757468656E7469636174696F6E3B787200476F72672E737072696E676672616D65776F726B2E73656375726974792E61757468656E7469636174696F6E2E416273747261637441757468656E7469636174696F6E546F6B656ED3AA287E6E47640E0200035A000D61757468656E746963617465644C000B617574686F7269746965737400164C6A6176612F7574696C2F436F6C6C656374696F6E3B4C000764657461696C737400124C6A6176612F6C616E672F4F626A6563743B787000737200266A6176612E7574696C2E436F6C6C656374696F6E7324556E6D6F6469666961626C654C697374FC0F2531B5EC8E100200014C00046C6973747400104C6A6176612F7574696C2F4C6973743B7872002C6A6176612E7574696C2E436F6C6C656374696F6E7324556E6D6F6469666961626C65436F6C6C656374696F6E19420080CB5EF71E0200014C00016371007E00047870737200136A6176612E7574696C2E41727261794C6973747881D21D99C7619D03000149000473697A657870000000007704000000007871007E000C707372003A6F72672E737072696E676672616D65776F726B2E73656375726974792E6F61757468322E70726F76696465722E4F41757468325265717565737400000000000000010200075A0008617070726F7665644C000B617574686F72697469657371007E00044C000A657874656E73696F6E7374000F4C6A6176612F7574696C2F4D61703B4C000B72656469726563745572697400124C6A6176612F6C616E672F537472696E673B4C00077265667265736874003B4C6F72672F737072696E676672616D65776F726B2F73656375726974792F6F61757468322F70726F76696465722F546F6B656E526571756573743B4C000B7265736F7572636549647374000F4C6A6176612F7574696C2F5365743B4C000D726573706F6E7365547970657371007E0011787200386F72672E737072696E676672616D65776F726B2E73656375726974792E6F61757468322E70726F76696465722E426173655265717565737436287A3EA37169BD0200034C0008636C69656E74496471007E000F4C001172657175657374506172616D657465727371007E000E4C000573636F706571007E0011787074002B5F4373666C7443446A6E2D5250677866366848456A65745549595144614D6138674D35687071452D6A3241737200256A6176612E7574696C2E436F6C6C656374696F6E7324556E6D6F6469666961626C654D6170F1A5A8FE74F507420200014C00016D71007E000E7870737200116A6176612E7574696C2E486173684D61700507DAC1C31660D103000246000A6C6F6164466163746F724900097468726573686F6C6478703F400000000000067708000000080000000374000A6772616E745F74797065740012636C69656E745F63726564656E7469616C73740009636C69656E745F696474002B5F4373666C7443446A6E2D5250677866366848456A65745549595144614D6138674D35687071452D6A324174000573636F706574000673657276657278737200256A6176612E7574696C2E436F6C6C656374696F6E7324556E6D6F6469666961626C65536574801D92D18F9B80550200007871007E0009737200176A6176612E7574696C2E4C696E6B656448617368536574D86CD75A95DD2A1E020000787200116A6176612E7574696C2E48617368536574BA44859596B8B7340300007870770C000000103F4000000000000171007E001E78017371007E0022770C000000103F40000000000000787371007E00173F40000000000000770800000010000000007870707371007E0022770C000000103F40000000000000787371007E0022770C000000103F400000000000007870, '1a4d50fd6c36a0f546cff467974384f8');
INSERT INTO authusers.oauth_access_token (token_id, token, authentication_id, user_name, client_id, authentication, refresh_token) VALUES ('cacc041a5cc7ccbeb5895fd5d1285930', 0xACED0005737200436F72672E737072696E676672616D65776F726B2E73656375726974792E6F61757468322E636F6D6D6F6E2E44656661756C744F4175746832416363657373546F6B656E0CB29E361B24FACE0200064C00156164646974696F6E616C496E666F726D6174696F6E74000F4C6A6176612F7574696C2F4D61703B4C000A65787069726174696F6E7400104C6A6176612F7574696C2F446174653B4C000C72656672657368546F6B656E74003F4C6F72672F737072696E676672616D65776F726B2F73656375726974792F6F61757468322F636F6D6D6F6E2F4F417574683252656672657368546F6B656E3B4C000573636F706574000F4C6A6176612F7574696C2F5365743B4C0009746F6B656E547970657400124C6A6176612F6C616E672F537472696E673B4C000576616C756571007E000578707372001E6A6176612E7574696C2E436F6C6C656374696F6E7324456D7074794D6170593614855ADCE7D002000078707372000E6A6176612E7574696C2E44617465686A81014B59741903000078707708000001705D2DF763787372004C6F72672E737072696E676672616D65776F726B2E73656375726974792E6F61757468322E636F6D6D6F6E2E44656661756C744578706972696E674F417574683252656672657368546F6B656E2FDF47639DD0C9B70200014C000A65787069726174696F6E71007E0002787200446F72672E737072696E676672616D65776F726B2E73656375726974792E6F61757468322E636F6D6D6F6E2E44656661756C744F417574683252656672657368546F6B656E73E10E0A6354D45E0200014C000576616C756571007E0005787074002437616632373933322D373939322D343366642D616236612D6666613561663662643839347371007E0009770800000170707DD03F78737200256A6176612E7574696C2E436F6C6C656374696F6E7324556E6D6F6469666961626C65536574801D92D18F9B80550200007872002C6A6176612E7574696C2E436F6C6C656374696F6E7324556E6D6F6469666961626C65436F6C6C656374696F6E19420080CB5EF71E0200014C0001637400164C6A6176612F7574696C2F436F6C6C656374696F6E3B7870737200176A6176612E7574696C2E4C696E6B656448617368536574D86CD75A95DD2A1E020000787200116A6176612E7574696C2E48617368536574BA44859596B8B7340300007870770C000000023F400000000000017400067365727665727874000662656172657274002432646531363162352D633466302D346434612D396564632D636463643634353637646135, '45c334e5eb4b1e2192dc216ec7078513', null, 'bzk9jMkG6sl8hJ7sZmcOO0HbxqDnUw7-E3ttQcBP7Bg', 0xACED0005737200416F72672E737072696E676672616D65776F726B2E73656375726974792E6F61757468322E70726F76696465722E4F417574683241757468656E7469636174696F6EBD400B02166252130200024C000D73746F7265645265717565737474003C4C6F72672F737072696E676672616D65776F726B2F73656375726974792F6F61757468322F70726F76696465722F4F4175746832526571756573743B4C00127573657241757468656E7469636174696F6E7400324C6F72672F737072696E676672616D65776F726B2F73656375726974792F636F72652F41757468656E7469636174696F6E3B787200476F72672E737072696E676672616D65776F726B2E73656375726974792E61757468656E7469636174696F6E2E416273747261637441757468656E7469636174696F6E546F6B656ED3AA287E6E47640E0200035A000D61757468656E746963617465644C000B617574686F7269746965737400164C6A6176612F7574696C2F436F6C6C656374696F6E3B4C000764657461696C737400124C6A6176612F6C616E672F4F626A6563743B787000737200266A6176612E7574696C2E436F6C6C656374696F6E7324556E6D6F6469666961626C654C697374FC0F2531B5EC8E100200014C00046C6973747400104C6A6176612F7574696C2F4C6973743B7872002C6A6176612E7574696C2E436F6C6C656374696F6E7324556E6D6F6469666961626C65436F6C6C656374696F6E19420080CB5EF71E0200014C00016371007E00047870737200136A6176612E7574696C2E41727261794C6973747881D21D99C7619D03000149000473697A657870000000007704000000007871007E000C707372003A6F72672E737072696E676672616D65776F726B2E73656375726974792E6F61757468322E70726F76696465722E4F41757468325265717565737400000000000000010200075A0008617070726F7665644C000B617574686F72697469657371007E00044C000A657874656E73696F6E7374000F4C6A6176612F7574696C2F4D61703B4C000B72656469726563745572697400124C6A6176612F6C616E672F537472696E673B4C00077265667265736874003B4C6F72672F737072696E676672616D65776F726B2F73656375726974792F6F61757468322F70726F76696465722F546F6B656E526571756573743B4C000B7265736F7572636549647374000F4C6A6176612F7574696C2F5365743B4C000D726573706F6E7365547970657371007E0011787200386F72672E737072696E676672616D65776F726B2E73656375726974792E6F61757468322E70726F76696465722E426173655265717565737436287A3EA37169BD0200034C0008636C69656E74496471007E000F4C001172657175657374506172616D657465727371007E000E4C000573636F706571007E0011787074002B627A6B396A4D6B4736736C38684A37735A6D634F4F3048627871446E5577372D4533747451634250374267737200256A6176612E7574696C2E436F6C6C656374696F6E7324556E6D6F6469666961626C654D6170F1A5A8FE74F507420200014C00016D71007E000E7870737200116A6176612E7574696C2E486173684D61700507DAC1C31660D103000246000A6C6F6164466163746F724900097468726573686F6C6478703F400000000000067708000000080000000374000A6772616E745F74797065740012636C69656E745F63726564656E7469616C73740009636C69656E745F696474002B627A6B396A4D6B4736736C38684A37735A6D634F4F3048627871446E5577372D453374745163425037426774000573636F706574000673657276657278737200256A6176612E7574696C2E436F6C6C656374696F6E7324556E6D6F6469666961626C65536574801D92D18F9B80550200007871007E0009737200176A6176612E7574696C2E4C696E6B656448617368536574D86CD75A95DD2A1E020000787200116A6176612E7574696C2E48617368536574BA44859596B8B7340300007870770C000000103F4000000000000171007E001E78017371007E0022770C000000103F40000000000000787371007E00173F40000000000000770800000010000000007870707371007E0022770C000000103F40000000000000787371007E0022770C000000103F400000000000007870, 'dd4c906cfebf6589af7d6777bcbc6530');
INSERT INTO authusers.oauth_access_token (token_id, token, authentication_id, user_name, client_id, authentication, refresh_token) VALUES ('26dc731a73c7b98eb2a1144f3e83b453', 0xACED0005737200436F72672E737072696E676672616D65776F726B2E73656375726974792E6F61757468322E636F6D6D6F6E2E44656661756C744F4175746832416363657373546F6B656E0CB29E361B24FACE0200064C00156164646974696F6E616C496E666F726D6174696F6E74000F4C6A6176612F7574696C2F4D61703B4C000A65787069726174696F6E7400104C6A6176612F7574696C2F446174653B4C000C72656672657368546F6B656E74003F4C6F72672F737072696E676672616D65776F726B2F73656375726974792F6F61757468322F636F6D6D6F6E2F4F417574683252656672657368546F6B656E3B4C000573636F706574000F4C6A6176612F7574696C2F5365743B4C0009746F6B656E547970657400124C6A6176612F6C616E672F537472696E673B4C000576616C756571007E000578707372001E6A6176612E7574696C2E436F6C6C656374696F6E7324456D7074794D6170593614855ADCE7D002000078707372000E6A6176612E7574696C2E44617465686A81014B59741903000078707708000001705A6D3FCB787372004C6F72672E737072696E676672616D65776F726B2E73656375726974792E6F61757468322E636F6D6D6F6E2E44656661756C744578706972696E674F417574683252656672657368546F6B656E2FDF47639DD0C9B70200014C000A65787069726174696F6E71007E0002787200446F72672E737072696E676672616D65776F726B2E73656375726974792E6F61757468322E636F6D6D6F6E2E44656661756C744F417574683252656672657368546F6B656E73E10E0A6354D45E0200014C000576616C756571007E0005787074002465623536373562302D643335332D343333632D623832632D3361346666353630343032617371007E00097708000001706A77DDDD78737200256A6176612E7574696C2E436F6C6C656374696F6E7324556E6D6F6469666961626C65536574801D92D18F9B80550200007872002C6A6176612E7574696C2E436F6C6C656374696F6E7324556E6D6F6469666961626C65436F6C6C656374696F6E19420080CB5EF71E0200014C0001637400164C6A6176612F7574696C2F436F6C6C656374696F6E3B7870737200176A6176612E7574696C2E4C696E6B656448617368536574D86CD75A95DD2A1E020000787200116A6176612E7574696C2E48617368536574BA44859596B8B7340300007870770C000000043F400000000000027400047265616474000577726974657874000662656172657274002437356266323562332D613063352D343334612D616638662D313733643763666439316232, 'bc7b0c3a08207773476d50ff1fc35da1', 'jovan', 'oauthorize', 0xACED0005737200416F72672E737072696E676672616D65776F726B2E73656375726974792E6F61757468322E70726F76696465722E4F417574683241757468656E7469636174696F6EBD400B02166252130200024C000D73746F7265645265717565737474003C4C6F72672F737072696E676672616D65776F726B2F73656375726974792F6F61757468322F70726F76696465722F4F4175746832526571756573743B4C00127573657241757468656E7469636174696F6E7400324C6F72672F737072696E676672616D65776F726B2F73656375726974792F636F72652F41757468656E7469636174696F6E3B787200476F72672E737072696E676672616D65776F726B2E73656375726974792E61757468656E7469636174696F6E2E416273747261637441757468656E7469636174696F6E546F6B656ED3AA287E6E47640E0200035A000D61757468656E746963617465644C000B617574686F7269746965737400164C6A6176612F7574696C2F436F6C6C656374696F6E3B4C000764657461696C737400124C6A6176612F6C616E672F4F626A6563743B787000737200266A6176612E7574696C2E436F6C6C656374696F6E7324556E6D6F6469666961626C654C697374FC0F2531B5EC8E100200014C00046C6973747400104C6A6176612F7574696C2F4C6973743B7872002C6A6176612E7574696C2E436F6C6C656374696F6E7324556E6D6F6469666961626C65436F6C6C656374696F6E19420080CB5EF71E0200014C00016371007E00047870737200136A6176612E7574696C2E41727261794C6973747881D21D99C7619D03000149000473697A6578700000000177040000000173720027636F6D2E6D6963726F736572766963652E61757468736572766963652E6D6F64656C2E526F6C65F5771CB91D3C706E0200024C000269647400104C6A6176612F6C616E672F4C6F6E673B4C00046E616D657400124C6A6176612F6C616E672F537472696E673B78707372000E6A6176612E6C616E672E4C6F6E673B8BE490CC8F23DF0200014A000576616C7565787200106A6176612E6C616E672E4E756D62657286AC951D0B94E08B02000078700000000000000001740009524F4C455F555345527871007E000C707372003A6F72672E737072696E676672616D65776F726B2E73656375726974792E6F61757468322E70726F76696465722E4F41757468325265717565737400000000000000010200075A0008617070726F7665644C000B617574686F72697469657371007E00044C000A657874656E73696F6E7374000F4C6A6176612F7574696C2F4D61703B4C000B726564697265637455726971007E000F4C00077265667265736874003B4C6F72672F737072696E676672616D65776F726B2F73656375726974792F6F61757468322F70726F76696465722F546F6B656E526571756573743B4C000B7265736F7572636549647374000F4C6A6176612F7574696C2F5365743B4C000D726573706F6E7365547970657371007E0018787200386F72672E737072696E676672616D65776F726B2E73656375726974792E6F61757468322E70726F76696465722E426173655265717565737436287A3EA37169BD0200034C0008636C69656E74496471007E000F4C001172657175657374506172616D657465727371007E00164C000573636F706571007E0018787074000A6F617574686F72697A65737200256A6176612E7574696C2E436F6C6C656374696F6E7324556E6D6F6469666961626C654D6170F1A5A8FE74F507420200014C00016D71007E00167870737200116A6176612E7574696C2E486173684D61700507DAC1C31660D103000246000A6C6F6164466163746F724900097468726573686F6C6478703F400000000000037708000000040000000274000A6772616E745F7479706574000870617373776F7264740008757365726E616D657400056A6F76616E78737200256A6176612E7574696C2E436F6C6C656374696F6E7324556E6D6F6469666961626C65536574801D92D18F9B80550200007871007E0009737200176A6176612E7574696C2E4C696E6B656448617368536574D86CD75A95DD2A1E020000787200116A6176612E7574696C2E48617368536574BA44859596B8B7340300007870770C000000103F4000000000000274000472656164740005777269746578017371007E0027770C000000103F40000000000000787371007E001E3F40000000000000770800000010000000007870707371007E0027770C000000103F40000000000000787371007E0027770C000000103F40000000000000787372004F6F72672E737072696E676672616D65776F726B2E73656375726974792E61757468656E7469636174696F6E2E557365726E616D6550617373776F726441757468656E7469636174696F6E546F6B656E00000000000001FE0200024C000B63726564656E7469616C7371007E00054C00097072696E636970616C71007E00057871007E0003017371007E00077371007E000B0000000177040000000171007E00107871007E0032737200176A6176612E7574696C2E4C696E6B6564486173684D617034C04E5C106CC0FB0200015A000B6163636573734F726465727871007E001E3F400000000000067708000000080000000271007E002071007E002171007E002271007E002378007073720027636F6D2E6D6963726F736572766963652E61757468736572766963652E6D6F64656C2E5573657236A9E1FF029C74BD02000A4C0005656D61696C71007E000F4C000966697273744E616D6571007E000F4C0002696471007E000E4C00096973456E61626C65647400134C6A6176612F6C616E672F426F6F6C65616E3B4C000A6973566572696669656471007E00364C00086C6173744E616D6571007E000F4C00156C61737450617373776F72645265736574446174657400104C6A6176612F7574696C2F446174653B4C000870617373776F726471007E000F4C0005726F6C657371007E00184C0008757365726E616D6571007E000F7870740012643134383635303140757268656E2E636F6D7400054A6F76616E7371007E00110000000000000006737200116A6176612E6C616E672E426F6F6C65616ECD207280D59CFAEE0200015A000576616C756578700171007E003D7400094A6F76616E6F7669637074003C24326124313024567549322E356878546261577777587A3030335946656B6D646B76336F546475334B6A785A352F773157446332444663374E4C46537372002F6F72672E68696265726E6174652E636F6C6C656374696F6E2E696E7465726E616C2E50657273697374656E745365748B47EF79D4C9917D0200014C000373657471007E00187872003E6F72672E68696265726E6174652E636F6C6C656374696F6E2E696E7465726E616C2E416273747261637450657273697374656E74436F6C6C656374696F6E5718B75D8ABA735402000B5A001B616C6C6F774C6F61644F7574736964655472616E73616374696F6E49000A63616368656453697A655A000564697274795A000E656C656D656E7452656D6F7665645A000B696E697469616C697A65645A000D697354656D7053657373696F6E4C00036B65797400164C6A6176612F696F2F53657269616C697A61626C653B4C00056F776E657271007E00054C0004726F6C6571007E000F4C001273657373696F6E466163746F72795575696471007E000F4C000E73746F726564536E617073686F7471007E0042787000FFFFFFFF0000010071007E003B71007E003874002D636F6D2E6D6963726F736572766963652E61757468736572766963652E6D6F64656C2E557365722E726F6C6573707371007E001E3F400000000000017708000000020000000171007E001071007E0010787371007E0027770C000000103F4000000000000171007E0010787400056A6F76616E, 'bcc6830ff7b6c8df992921e78513f324');
INSERT INTO authusers.oauth_access_token (token_id, token, authentication_id, user_name, client_id, authentication, refresh_token) VALUES ('f2331f339431444aa34e66da0ca33c5d', 0xACED0005737200436F72672E737072696E676672616D65776F726B2E73656375726974792E6F61757468322E636F6D6D6F6E2E44656661756C744F4175746832416363657373546F6B656E0CB29E361B24FACE0200064C00156164646974696F6E616C496E666F726D6174696F6E74000F4C6A6176612F7574696C2F4D61703B4C000A65787069726174696F6E7400104C6A6176612F7574696C2F446174653B4C000C72656672657368546F6B656E74003F4C6F72672F737072696E676672616D65776F726B2F73656375726974792F6F61757468322F636F6D6D6F6E2F4F417574683252656672657368546F6B656E3B4C000573636F706574000F4C6A6176612F7574696C2F5365743B4C0009746F6B656E547970657400124C6A6176612F6C616E672F537472696E673B4C000576616C756571007E000578707372001E6A6176612E7574696C2E436F6C6C656374696F6E7324456D7074794D6170593614855ADCE7D002000078707372000E6A6176612E7574696C2E44617465686A81014B59741903000078707708000001705C5A437A787372004C6F72672E737072696E676672616D65776F726B2E73656375726974792E6F61757468322E636F6D6D6F6E2E44656661756C744578706972696E674F417574683252656672657368546F6B656E2FDF47639DD0C9B70200014C000A65787069726174696F6E71007E0002787200446F72672E737072696E676672616D65776F726B2E73656375726974792E6F61757468322E636F6D6D6F6E2E44656661756C744F417574683252656672657368546F6B656E73E10E0A6354D45E0200014C000576616C756571007E0005787074002438383436353832302D306463372D343137642D383239342D6134623865323037346631327371007E00097708000001706601DFA578737200256A6176612E7574696C2E436F6C6C656374696F6E7324556E6D6F6469666961626C65536574801D92D18F9B80550200007872002C6A6176612E7574696C2E436F6C6C656374696F6E7324556E6D6F6469666961626C65436F6C6C656374696F6E19420080CB5EF71E0200014C0001637400164C6A6176612F7574696C2F436F6C6C656374696F6E3B7870737200176A6176612E7574696C2E4C696E6B656448617368536574D86CD75A95DD2A1E020000787200116A6176612E7574696C2E48617368536574BA44859596B8B7340300007870770C000000103F400000000000027400047265616474000577726974657874000662656172657274002430393738346630312D633766322D346535632D626566332D383330663633646464336465, 'c534357f0d76f8185c9ca75651713948', 'marko', 'oauthorize', 0xACED0005737200416F72672E737072696E676672616D65776F726B2E73656375726974792E6F61757468322E70726F76696465722E4F417574683241757468656E7469636174696F6EBD400B02166252130200024C000D73746F7265645265717565737474003C4C6F72672F737072696E676672616D65776F726B2F73656375726974792F6F61757468322F70726F76696465722F4F4175746832526571756573743B4C00127573657241757468656E7469636174696F6E7400324C6F72672F737072696E676672616D65776F726B2F73656375726974792F636F72652F41757468656E7469636174696F6E3B787200476F72672E737072696E676672616D65776F726B2E73656375726974792E61757468656E7469636174696F6E2E416273747261637441757468656E7469636174696F6E546F6B656ED3AA287E6E47640E0200035A000D61757468656E746963617465644C000B617574686F7269746965737400164C6A6176612F7574696C2F436F6C6C656374696F6E3B4C000764657461696C737400124C6A6176612F6C616E672F4F626A6563743B787000737200266A6176612E7574696C2E436F6C6C656374696F6E7324556E6D6F6469666961626C654C697374FC0F2531B5EC8E100200014C00046C6973747400104C6A6176612F7574696C2F4C6973743B7872002C6A6176612E7574696C2E436F6C6C656374696F6E7324556E6D6F6469666961626C65436F6C6C656374696F6E19420080CB5EF71E0200014C00016371007E00047870737200136A6176612E7574696C2E41727261794C6973747881D21D99C7619D03000149000473697A6578700000000177040000000173720027636F6D2E6D6963726F736572766963652E61757468736572766963652E6D6F64656C2E526F6C65F5771CB91D3C706E0200024C000269647400104C6A6176612F6C616E672F4C6F6E673B4C00046E616D657400124C6A6176612F6C616E672F537472696E673B78707372000E6A6176612E6C616E672E4C6F6E673B8BE490CC8F23DF0200014A000576616C7565787200106A6176612E6C616E672E4E756D62657286AC951D0B94E08B02000078700000000000000001740009524F4C455F555345527871007E000C707372003A6F72672E737072696E676672616D65776F726B2E73656375726974792E6F61757468322E70726F76696465722E4F41757468325265717565737400000000000000010200075A0008617070726F7665644C000B617574686F72697469657371007E00044C000A657874656E73696F6E7374000F4C6A6176612F7574696C2F4D61703B4C000B726564697265637455726971007E000F4C00077265667265736874003B4C6F72672F737072696E676672616D65776F726B2F73656375726974792F6F61757468322F70726F76696465722F546F6B656E526571756573743B4C000B7265736F7572636549647374000F4C6A6176612F7574696C2F5365743B4C000D726573706F6E7365547970657371007E0018787200386F72672E737072696E676672616D65776F726B2E73656375726974792E6F61757468322E70726F76696465722E426173655265717565737436287A3EA37169BD0200034C0008636C69656E74496471007E000F4C001172657175657374506172616D657465727371007E00164C000573636F706571007E0018787074000A6F617574686F72697A65737200256A6176612E7574696C2E436F6C6C656374696F6E7324556E6D6F6469666961626C654D6170F1A5A8FE74F507420200014C00016D71007E00167870737200116A6176612E7574696C2E486173684D61700507DAC1C31660D103000246000A6C6F6164466163746F724900097468726573686F6C6478703F400000000000037708000000040000000274000A6772616E745F7479706574000870617373776F7264740008757365726E616D657400056D61726B6F78737200256A6176612E7574696C2E436F6C6C656374696F6E7324556E6D6F6469666961626C65536574801D92D18F9B80550200007871007E0009737200176A6176612E7574696C2E4C696E6B656448617368536574D86CD75A95DD2A1E020000787200116A6176612E7574696C2E48617368536574BA44859596B8B7340300007870770C000000103F4000000000000274000472656164740005777269746578017371007E0027770C000000103F40000000000000787371007E001E3F40000000000000770800000010000000007870707371007E0027770C000000103F40000000000000787371007E0027770C000000103F40000000000000787372004F6F72672E737072696E676672616D65776F726B2E73656375726974792E61757468656E7469636174696F6E2E557365726E616D6550617373776F726441757468656E7469636174696F6E546F6B656E00000000000001FE0200024C000B63726564656E7469616C7371007E00054C00097072696E636970616C71007E00057871007E0003017371007E00077371007E000B0000000177040000000171007E00107871007E0032737200176A6176612E7574696C2E4C696E6B6564486173684D617034C04E5C106CC0FB0200015A000B6163636573734F726465727871007E001E3F400000000000067708000000080000000271007E002071007E002171007E002271007E002378007073720027636F6D2E6D6963726F736572766963652E61757468736572766963652E6D6F64656C2E5573657236A9E1FF029C74BD02000A4C0005656D61696C71007E000F4C000966697273744E616D6571007E000F4C0002696471007E000E4C00096973456E61626C65647400134C6A6176612F6C616E672F426F6F6C65616E3B4C000A6973566572696669656471007E00364C00086C6173744E616D6571007E000F4C00156C61737450617373776F72645265736574446174657400104C6A6176612F7574696C2F446174653B4C000870617373776F726471007E000F4C0005726F6C657371007E00184C0008757365726E616D6571007E000F7870740012643134373632373340757268656E2E636F6D7400054D61726B6F7371007E00110000000000000004737200116A6176612E6C616E672E426F6F6C65616ECD207280D59CFAEE0200015A000576616C756578700171007E003D7400084D61726B6F7669637074003C2432612431302446396D5838654D726758464F4C7657663078477272654148744236304A767067774476325A3275783069644B4D36346A786E414A657372002F6F72672E68696265726E6174652E636F6C6C656374696F6E2E696E7465726E616C2E50657273697374656E745365748B47EF79D4C9917D0200014C000373657471007E00187872003E6F72672E68696265726E6174652E636F6C6C656374696F6E2E696E7465726E616C2E416273747261637450657273697374656E74436F6C6C656374696F6E5718B75D8ABA735402000B5A001B616C6C6F774C6F61644F7574736964655472616E73616374696F6E49000A63616368656453697A655A000564697274795A000E656C656D656E7452656D6F7665645A000B696E697469616C697A65645A000D697354656D7053657373696F6E4C00036B65797400164C6A6176612F696F2F53657269616C697A61626C653B4C00056F776E657271007E00054C0004726F6C6571007E000F4C001273657373696F6E466163746F72795575696471007E000F4C000E73746F726564536E617073686F7471007E0042787000FFFFFFFF0000010071007E003B71007E003874002D636F6D2E6D6963726F736572766963652E61757468736572766963652E6D6F64656C2E557365722E726F6C6573707371007E001E3F400000000000017708000000020000000171007E001071007E0010787371007E0027770C000000103F4000000000000171007E0010787400056D61726B6F, '3a221af4f70aef3ddd51c549a0c84a66');
INSERT INTO authusers.oauth_access_token (token_id, token, authentication_id, user_name, client_id, authentication, refresh_token) VALUES ('34852dbd31bdfbd9e7b5de383f25d7a0', 0xACED0005737200436F72672E737072696E676672616D65776F726B2E73656375726974792E6F61757468322E636F6D6D6F6E2E44656661756C744F4175746832416363657373546F6B656E0CB29E361B24FACE0200064C00156164646974696F6E616C496E666F726D6174696F6E74000F4C6A6176612F7574696C2F4D61703B4C000A65787069726174696F6E7400104C6A6176612F7574696C2F446174653B4C000C72656672657368546F6B656E74003F4C6F72672F737072696E676672616D65776F726B2F73656375726974792F6F61757468322F636F6D6D6F6E2F4F417574683252656672657368546F6B656E3B4C000573636F706574000F4C6A6176612F7574696C2F5365743B4C0009746F6B656E547970657400124C6A6176612F6C616E672F537472696E673B4C000576616C756571007E000578707372001E6A6176612E7574696C2E436F6C6C656374696F6E7324456D7074794D6170593614855ADCE7D002000078707372000E6A6176612E7574696C2E44617465686A81014B59741903000078707708000001705D34FE5C787372004C6F72672E737072696E676672616D65776F726B2E73656375726974792E6F61757468322E636F6D6D6F6E2E44656661756C744578706972696E674F417574683252656672657368546F6B656E2FDF47639DD0C9B70200014C000A65787069726174696F6E71007E0002787200446F72672E737072696E676672616D65776F726B2E73656375726974792E6F61757468322E636F6D6D6F6E2E44656661756C744F417574683252656672657368546F6B656E73E10E0A6354D45E0200014C000576616C756571007E0005787074002438663762346636302D336437622D346335312D626137622D3732333037333962306635397371007E00097708000001707084D73778737200256A6176612E7574696C2E436F6C6C656374696F6E7324556E6D6F6469666961626C65536574801D92D18F9B80550200007872002C6A6176612E7574696C2E436F6C6C656374696F6E7324556E6D6F6469666961626C65436F6C6C656374696F6E19420080CB5EF71E0200014C0001637400164C6A6176612F7574696C2F436F6C6C656374696F6E3B7870737200176A6176612E7574696C2E4C696E6B656448617368536574D86CD75A95DD2A1E020000787200116A6176612E7574696C2E48617368536574BA44859596B8B7340300007870770C000000023F400000000000017400067365727665727874000662656172657274002437326237396330632D313361392D346131612D623461652D336633343534613530343939, 'f11c6fdb93a593e1f4a4d5fd61452ddb', null, 'p9gBYdFRUpoLQG-yX0qErDdmCceL-Q5rkfLlzZygdok', 0xACED0005737200416F72672E737072696E676672616D65776F726B2E73656375726974792E6F61757468322E70726F76696465722E4F417574683241757468656E7469636174696F6EBD400B02166252130200024C000D73746F7265645265717565737474003C4C6F72672F737072696E676672616D65776F726B2F73656375726974792F6F61757468322F70726F76696465722F4F4175746832526571756573743B4C00127573657241757468656E7469636174696F6E7400324C6F72672F737072696E676672616D65776F726B2F73656375726974792F636F72652F41757468656E7469636174696F6E3B787200476F72672E737072696E676672616D65776F726B2E73656375726974792E61757468656E7469636174696F6E2E416273747261637441757468656E7469636174696F6E546F6B656ED3AA287E6E47640E0200035A000D61757468656E746963617465644C000B617574686F7269746965737400164C6A6176612F7574696C2F436F6C6C656374696F6E3B4C000764657461696C737400124C6A6176612F6C616E672F4F626A6563743B787000737200266A6176612E7574696C2E436F6C6C656374696F6E7324556E6D6F6469666961626C654C697374FC0F2531B5EC8E100200014C00046C6973747400104C6A6176612F7574696C2F4C6973743B7872002C6A6176612E7574696C2E436F6C6C656374696F6E7324556E6D6F6469666961626C65436F6C6C656374696F6E19420080CB5EF71E0200014C00016371007E00047870737200136A6176612E7574696C2E41727261794C6973747881D21D99C7619D03000149000473697A657870000000007704000000007871007E000C707372003A6F72672E737072696E676672616D65776F726B2E73656375726974792E6F61757468322E70726F76696465722E4F41757468325265717565737400000000000000010200075A0008617070726F7665644C000B617574686F72697469657371007E00044C000A657874656E73696F6E7374000F4C6A6176612F7574696C2F4D61703B4C000B72656469726563745572697400124C6A6176612F6C616E672F537472696E673B4C00077265667265736874003B4C6F72672F737072696E676672616D65776F726B2F73656375726974792F6F61757468322F70726F76696465722F546F6B656E526571756573743B4C000B7265736F7572636549647374000F4C6A6176612F7574696C2F5365743B4C000D726573706F6E7365547970657371007E0011787200386F72672E737072696E676672616D65776F726B2E73656375726974792E6F61757468322E70726F76696465722E426173655265717565737436287A3EA37169BD0200034C0008636C69656E74496471007E000F4C001172657175657374506172616D657465727371007E000E4C000573636F706571007E0011787074002B703967425964465255706F4C51472D79583071457244646D4363654C2D5135726B664C6C7A5A7967646F6B737200256A6176612E7574696C2E436F6C6C656374696F6E7324556E6D6F6469666961626C654D6170F1A5A8FE74F507420200014C00016D71007E000E7870737200116A6176612E7574696C2E486173684D61700507DAC1C31660D103000246000A6C6F6164466163746F724900097468726573686F6C6478703F400000000000067708000000080000000374000A6772616E745F74797065740012636C69656E745F63726564656E7469616C73740009636C69656E745F696474002B703967425964465255706F4C51472D79583071457244646D4363654C2D5135726B664C6C7A5A7967646F6B74000573636F706574000673657276657278737200256A6176612E7574696C2E436F6C6C656374696F6E7324556E6D6F6469666961626C65536574801D92D18F9B80550200007871007E0009737200176A6176612E7574696C2E4C696E6B656448617368536574D86CD75A95DD2A1E020000787200116A6176612E7574696C2E48617368536574BA44859596B8B7340300007870770C000000103F4000000000000171007E001E78017371007E0022770C000000103F40000000000000787371007E00173F40000000000000770800000010000000007870707371007E0022770C000000103F40000000000000787371007E0022770C000000103F400000000000007870, 'a17cee163a27296733ea669c1aaf8407');
INSERT INTO authusers.oauth_access_token (token_id, token, authentication_id, user_name, client_id, authentication, refresh_token) VALUES ('e0c5b4872ed5a86f4636d0123cbab6a2', 0xACED0005737200436F72672E737072696E676672616D65776F726B2E73656375726974792E6F61757468322E636F6D6D6F6E2E44656661756C744F4175746832416363657373546F6B656E0CB29E361B24FACE0200064C00156164646974696F6E616C496E666F726D6174696F6E74000F4C6A6176612F7574696C2F4D61703B4C000A65787069726174696F6E7400104C6A6176612F7574696C2F446174653B4C000C72656672657368546F6B656E74003F4C6F72672F737072696E676672616D65776F726B2F73656375726974792F6F61757468322F636F6D6D6F6E2F4F417574683252656672657368546F6B656E3B4C000573636F706574000F4C6A6176612F7574696C2F5365743B4C0009746F6B656E547970657400124C6A6176612F6C616E672F537472696E673B4C000576616C756571007E000578707372001E6A6176612E7574696C2E436F6C6C656374696F6E7324456D7074794D6170593614855ADCE7D002000078707372000E6A6176612E7574696C2E44617465686A81014B59741903000078707708000001705C45A311787372004C6F72672E737072696E676672616D65776F726B2E73656375726974792E6F61757468322E636F6D6D6F6E2E44656661756C744578706972696E674F417574683252656672657368546F6B656E2FDF47639DD0C9B70200014C000A65787069726174696F6E71007E0002787200446F72672E737072696E676672616D65776F726B2E73656375726974792E6F61757468322E636F6D6D6F6E2E44656661756C744F417574683252656672657368546F6B656E73E10E0A6354D45E0200014C000576616C756571007E0005787074002434383830373863392D303832362D346566652D396232632D3164306165353933333032357371007E00097708000001705F7FF0BB78737200256A6176612E7574696C2E436F6C6C656374696F6E7324556E6D6F6469666961626C65536574801D92D18F9B80550200007872002C6A6176612E7574696C2E436F6C6C656374696F6E7324556E6D6F6469666961626C65436F6C6C656374696F6E19420080CB5EF71E0200014C0001637400164C6A6176612F7574696C2F436F6C6C656374696F6E3B7870737200176A6176612E7574696C2E4C696E6B656448617368536574D86CD75A95DD2A1E020000787200116A6176612E7574696C2E48617368536574BA44859596B8B7340300007870770C000000043F400000000000027400047265616474000577726974657874000662656172657274002431316531653736392D323837312D343532622D386331392D356264663863636166623631, 'f37492701703401dc1aeec58843be1c8', null, 'oauthorize', 0xACED0005737200416F72672E737072696E676672616D65776F726B2E73656375726974792E6F61757468322E70726F76696465722E4F417574683241757468656E7469636174696F6EBD400B02166252130200024C000D73746F7265645265717565737474003C4C6F72672F737072696E676672616D65776F726B2F73656375726974792F6F61757468322F70726F76696465722F4F4175746832526571756573743B4C00127573657241757468656E7469636174696F6E7400324C6F72672F737072696E676672616D65776F726B2F73656375726974792F636F72652F41757468656E7469636174696F6E3B787200476F72672E737072696E676672616D65776F726B2E73656375726974792E61757468656E7469636174696F6E2E416273747261637441757468656E7469636174696F6E546F6B656ED3AA287E6E47640E0200035A000D61757468656E746963617465644C000B617574686F7269746965737400164C6A6176612F7574696C2F436F6C6C656374696F6E3B4C000764657461696C737400124C6A6176612F6C616E672F4F626A6563743B787000737200266A6176612E7574696C2E436F6C6C656374696F6E7324556E6D6F6469666961626C654C697374FC0F2531B5EC8E100200014C00046C6973747400104C6A6176612F7574696C2F4C6973743B7872002C6A6176612E7574696C2E436F6C6C656374696F6E7324556E6D6F6469666961626C65436F6C6C656374696F6E19420080CB5EF71E0200014C00016371007E00047870737200136A6176612E7574696C2E41727261794C6973747881D21D99C7619D03000149000473697A657870000000007704000000007871007E000C707372003A6F72672E737072696E676672616D65776F726B2E73656375726974792E6F61757468322E70726F76696465722E4F41757468325265717565737400000000000000010200075A0008617070726F7665644C000B617574686F72697469657371007E00044C000A657874656E73696F6E7374000F4C6A6176612F7574696C2F4D61703B4C000B72656469726563745572697400124C6A6176612F6C616E672F537472696E673B4C00077265667265736874003B4C6F72672F737072696E676672616D65776F726B2F73656375726974792F6F61757468322F70726F76696465722F546F6B656E526571756573743B4C000B7265736F7572636549647374000F4C6A6176612F7574696C2F5365743B4C000D726573706F6E7365547970657371007E0011787200386F72672E737072696E676672616D65776F726B2E73656375726974792E6F61757468322E70726F76696465722E426173655265717565737436287A3EA37169BD0200034C0008636C69656E74496471007E000F4C001172657175657374506172616D657465727371007E000E4C000573636F706571007E0011787074000A6F617574686F72697A65737200256A6176612E7574696C2E436F6C6C656374696F6E7324556E6D6F6469666961626C654D6170F1A5A8FE74F507420200014C00016D71007E000E7870737200116A6176612E7574696C2E486173684D61700507DAC1C31660D103000246000A6C6F6164466163746F724900097468726573686F6C6478703F400000000000037708000000040000000274000A6772616E745F74797065740012636C69656E745F63726564656E7469616C7374000573636F706574000A7265616420777269746578737200256A6176612E7574696C2E436F6C6C656374696F6E7324556E6D6F6469666961626C65536574801D92D18F9B80550200007871007E0009737200176A6176612E7574696C2E4C696E6B656448617368536574D86CD75A95DD2A1E020000787200116A6176612E7574696C2E48617368536574BA44859596B8B7340300007870770C000000103F4000000000000274000472656164740005777269746578017371007E0020770C000000103F40000000000000787371007E00173F40000000000000770800000010000000007870707371007E0020770C000000103F40000000000000787371007E0020770C000000103F400000000000007870, '9dd8494fd4e77f0091666bac82f8ec4a');
INSERT INTO authusers.oauth_access_token (token_id, token, authentication_id, user_name, client_id, authentication, refresh_token) VALUES ('391e95bbe02da432f2e2cabd7939772b', 0xACED0005737200436F72672E737072696E676672616D65776F726B2E73656375726974792E6F61757468322E636F6D6D6F6E2E44656661756C744F4175746832416363657373546F6B656E0CB29E361B24FACE0200064C00156164646974696F6E616C496E666F726D6174696F6E74000F4C6A6176612F7574696C2F4D61703B4C000A65787069726174696F6E7400104C6A6176612F7574696C2F446174653B4C000C72656672657368546F6B656E74003F4C6F72672F737072696E676672616D65776F726B2F73656375726974792F6F61757468322F636F6D6D6F6E2F4F417574683252656672657368546F6B656E3B4C000573636F706574000F4C6A6176612F7574696C2F5365743B4C0009746F6B656E547970657400124C6A6176612F6C616E672F537472696E673B4C000576616C756571007E000578707372001E6A6176612E7574696C2E436F6C6C656374696F6E7324456D7074794D6170593614855ADCE7D002000078707372000E6A6176612E7574696C2E44617465686A81014B59741903000078707708000001705C53C89E787372004C6F72672E737072696E676672616D65776F726B2E73656375726974792E6F61757468322E636F6D6D6F6E2E44656661756C744578706972696E674F417574683252656672657368546F6B656E2FDF47639DD0C9B70200014C000A65787069726174696F6E71007E0002787200446F72672E737072696E676672616D65776F726B2E73656375726974792E6F61757468322E636F6D6D6F6E2E44656661756C744F417574683252656672657368546F6B656E73E10E0A6354D45E0200014C000576616C756571007E0005787074002463323133323533622D313964362D343136622D393532662D3938316461336134613732637371007E00097708000001706FA3A19178737200256A6176612E7574696C2E436F6C6C656374696F6E7324556E6D6F6469666961626C65536574801D92D18F9B80550200007872002C6A6176612E7574696C2E436F6C6C656374696F6E7324556E6D6F6469666961626C65436F6C6C656374696F6E19420080CB5EF71E0200014C0001637400164C6A6176612F7574696C2F436F6C6C656374696F6E3B7870737200176A6176612E7574696C2E4C696E6B656448617368536574D86CD75A95DD2A1E020000787200116A6176612E7574696C2E48617368536574BA44859596B8B7340300007870770C000000103F400000000000027400047265616474000577726974657874000662656172657274002466623632373931382D323438372D343665302D623965652D626435643565396337633663, 'fc175c8cd27a31fd4a7f648910da9470', 'nikola', 'oauthorize', 0xACED0005737200416F72672E737072696E676672616D65776F726B2E73656375726974792E6F61757468322E70726F76696465722E4F417574683241757468656E7469636174696F6EBD400B02166252130200024C000D73746F7265645265717565737474003C4C6F72672F737072696E676672616D65776F726B2F73656375726974792F6F61757468322F70726F76696465722F4F4175746832526571756573743B4C00127573657241757468656E7469636174696F6E7400324C6F72672F737072696E676672616D65776F726B2F73656375726974792F636F72652F41757468656E7469636174696F6E3B787200476F72672E737072696E676672616D65776F726B2E73656375726974792E61757468656E7469636174696F6E2E416273747261637441757468656E7469636174696F6E546F6B656ED3AA287E6E47640E0200035A000D61757468656E746963617465644C000B617574686F7269746965737400164C6A6176612F7574696C2F436F6C6C656374696F6E3B4C000764657461696C737400124C6A6176612F6C616E672F4F626A6563743B787000737200266A6176612E7574696C2E436F6C6C656374696F6E7324556E6D6F6469666961626C654C697374FC0F2531B5EC8E100200014C00046C6973747400104C6A6176612F7574696C2F4C6973743B7872002C6A6176612E7574696C2E436F6C6C656374696F6E7324556E6D6F6469666961626C65436F6C6C656374696F6E19420080CB5EF71E0200014C00016371007E00047870737200136A6176612E7574696C2E41727261794C6973747881D21D99C7619D03000149000473697A6578700000000177040000000173720027636F6D2E6D6963726F736572766963652E61757468736572766963652E6D6F64656C2E526F6C65F5771CB91D3C706E0200024C000269647400104C6A6176612F6C616E672F4C6F6E673B4C00046E616D657400124C6A6176612F6C616E672F537472696E673B78707372000E6A6176612E6C616E672E4C6F6E673B8BE490CC8F23DF0200014A000576616C7565787200106A6176612E6C616E672E4E756D62657286AC951D0B94E08B02000078700000000000000001740009524F4C455F555345527871007E000C707372003A6F72672E737072696E676672616D65776F726B2E73656375726974792E6F61757468322E70726F76696465722E4F41757468325265717565737400000000000000010200075A0008617070726F7665644C000B617574686F72697469657371007E00044C000A657874656E73696F6E7374000F4C6A6176612F7574696C2F4D61703B4C000B726564697265637455726971007E000F4C00077265667265736874003B4C6F72672F737072696E676672616D65776F726B2F73656375726974792F6F61757468322F70726F76696465722F546F6B656E526571756573743B4C000B7265736F7572636549647374000F4C6A6176612F7574696C2F5365743B4C000D726573706F6E7365547970657371007E0018787200386F72672E737072696E676672616D65776F726B2E73656375726974792E6F61757468322E70726F76696465722E426173655265717565737436287A3EA37169BD0200034C0008636C69656E74496471007E000F4C001172657175657374506172616D657465727371007E00164C000573636F706571007E0018787074000A6F617574686F72697A65737200256A6176612E7574696C2E436F6C6C656374696F6E7324556E6D6F6469666961626C654D6170F1A5A8FE74F507420200014C00016D71007E00167870737200116A6176612E7574696C2E486173684D61700507DAC1C31660D103000246000A6C6F6164466163746F724900097468726573686F6C6478703F400000000000037708000000040000000274000A6772616E745F7479706574000870617373776F7264740008757365726E616D657400066E696B6F6C6178737200256A6176612E7574696C2E436F6C6C656374696F6E7324556E6D6F6469666961626C65536574801D92D18F9B80550200007871007E0009737200176A6176612E7574696C2E4C696E6B656448617368536574D86CD75A95DD2A1E020000787200116A6176612E7574696C2E48617368536574BA44859596B8B7340300007870770C000000103F4000000000000274000472656164740005777269746578017371007E0027770C000000103F40000000000000787371007E001E3F40000000000000770800000010000000007870707371007E0027770C000000103F40000000000000787371007E0027770C000000103F40000000000000787372004F6F72672E737072696E676672616D65776F726B2E73656375726974792E61757468656E7469636174696F6E2E557365726E616D6550617373776F726441757468656E7469636174696F6E546F6B656E00000000000001FE0200024C000B63726564656E7469616C7371007E00054C00097072696E636970616C71007E00057871007E0003017371007E00077371007E000B0000000177040000000171007E00107871007E0032737200176A6176612E7574696C2E4C696E6B6564486173684D617034C04E5C106CC0FB0200015A000B6163636573734F726465727871007E001E3F400000000000067708000000080000000271007E002071007E002171007E002271007E002378007073720027636F6D2E6D6963726F736572766963652E61757468736572766963652E6D6F64656C2E5573657236A9E1FF029C74BD02000A4C0005656D61696C71007E000F4C000966697273744E616D6571007E000F4C0002696471007E000E4C00096973456E61626C65647400134C6A6176612F6C616E672F426F6F6C65616E3B4C000A6973566572696669656471007E00364C00086C6173744E616D6571007E000F4C00156C61737450617373776F72645265736574446174657400104C6A6176612F7574696C2F446174653B4C000870617373776F726471007E000F4C0005726F6C657371007E00184C0008757365726E616D6571007E000F787074001C7469786F6F71627A787969676771617574694074746972762E6F72677400066E696B6F6C617371007E00110000000000000007737200116A6176612E6C616E672E426F6F6C65616ECD207280D59CFAEE0200015A000576616C756578700171007E003D7400074E696B6F6C69637074003C243261243130246B7A654F442E6559686B4353546D6A6C6347504E737563314533674743307A38433564636730454B735854586953743533454547437372002F6F72672E68696265726E6174652E636F6C6C656374696F6E2E696E7465726E616C2E50657273697374656E745365748B47EF79D4C9917D0200014C000373657471007E00187872003E6F72672E68696265726E6174652E636F6C6C656374696F6E2E696E7465726E616C2E416273747261637450657273697374656E74436F6C6C656374696F6E5718B75D8ABA735402000B5A001B616C6C6F774C6F61644F7574736964655472616E73616374696F6E49000A63616368656453697A655A000564697274795A000E656C656D656E7452656D6F7665645A000B696E697469616C697A65645A000D697354656D7053657373696F6E4C00036B65797400164C6A6176612F696F2F53657269616C697A61626C653B4C00056F776E657271007E00054C0004726F6C6571007E000F4C001273657373696F6E466163746F72795575696471007E000F4C000E73746F726564536E617073686F7471007E0042787000FFFFFFFF0000010071007E003B71007E003874002D636F6D2E6D6963726F736572766963652E61757468736572766963652E6D6F64656C2E557365722E726F6C6573707371007E001E3F400000000000017708000000020000000171007E001071007E0010787371007E0027770C000000103F4000000000000171007E0010787400066E696B6F6C61, 'fd51bf8e586a0636e8182bc6d19f992a');
INSERT INTO authusers.oauth_client_details (client_id, resource_ids, client_secret, scope, authorized_grant_types, web_server_redirect_uri, authorities, access_token_validity, refresh_token_validity, additional_information, autoapprove) VALUES ('_CsfltCDjn-RPgxf6hHEjetUIYQDaMa8gM5hpqE-j2A', null, '$2a$10$WIg2MPoos1wbcT5nYzJIbeaCkmRk9pftVboHCaIONuolSzvNHJw7W', 'server', 'refresh_token,client_credentials', null, '', 36000, 360000, null, 'true');
INSERT INTO authusers.oauth_client_details (client_id, resource_ids, client_secret, scope, authorized_grant_types, web_server_redirect_uri, authorities, access_token_validity, refresh_token_validity, additional_information, autoapprove) VALUES ('-ggLfj3I6BPnBCoFQz7v9OU3tFHK7PwOe1QsGLIgnok', null, '$2a$10$lgnLMlkZTqr1s7rdxTnV..xqY01ImDg95035xD78eOetQQLD.OHN2', 'server', 'refresh_token,client_credentials', null, '', 36000, 360000, null, 'true');
INSERT INTO authusers.oauth_client_details (client_id, resource_ids, client_secret, scope, authorized_grant_types, web_server_redirect_uri, authorities, access_token_validity, refresh_token_validity, additional_information, autoapprove) VALUES ('4XvrSfzdjGrgjtXxU4dhRd3epaDByRo_U-CeSUDSLV4', null, '$2a$10$oCKpKYBhg4vAXGoX8FRtDeowZ1tl5ESATKUbxdxGDX1x72dPyzMOS', 'server', 'refresh_token,client_credentials', null, '', 36000, 360000, null, 'true');
INSERT INTO authusers.oauth_client_details (client_id, resource_ids, client_secret, scope, authorized_grant_types, web_server_redirect_uri, authorities, access_token_validity, refresh_token_validity, additional_information, autoapprove) VALUES ('5BGPPyTq4O_Bn86i77P14sE-YQiV_N4cQpQNcPCO2dY', null, '$2a$10$WRwP3eMgdsBN6Ox/w0R0Fu9cbc2CxoHZXbF74B4Z9vfsV5CE7EQqu', 'server', 'refresh_token,client_credentials', null, '', 36000, 360000, null, 'true');
INSERT INTO authusers.oauth_client_details (client_id, resource_ids, client_secret, scope, authorized_grant_types, web_server_redirect_uri, authorities, access_token_validity, refresh_token_validity, additional_information, autoapprove) VALUES ('94IViWOlyjr_vKhFTiUgLvMR0JeF4IjUXGD0T_HVELU', null, '$2a$10$djOGdcGVUr.WVxn1oZvqOu3rAShrmtrc9JFcXlnQzx/DsmHKJ/bjW', 'server', 'refresh_token,client_credentials', null, '', 36000, 360000, null, 'true');
INSERT INTO authusers.oauth_client_details (client_id, resource_ids, client_secret, scope, authorized_grant_types, web_server_redirect_uri, authorities, access_token_validity, refresh_token_validity, additional_information, autoapprove) VALUES ('boCbkx7kBxBzteojtHEvhDsN5CnHMwok2AkXRXTgYo4', null, '$2a$10$BQqhEOzgMEQEqvBIzQyCYO2b.X4A.J517kxQL0yUUEWjPFayys1cW', 'server', 'refresh_token,client_credentials', null, '', 36000, 360000, null, 'true');
INSERT INTO authusers.oauth_client_details (client_id, resource_ids, client_secret, scope, authorized_grant_types, web_server_redirect_uri, authorities, access_token_validity, refresh_token_validity, additional_information, autoapprove) VALUES ('bzk9jMkG6sl8hJ7sZmcOO0HbxqDnUw7-E3ttQcBP7Bg', null, '$2a$10$hccl7M386LcytvDDpPUG5OhVH95dMI/r14AmsJU6GKnJRz4dYS41i', 'server', 'refresh_token,client_credentials', null, '', 36000, 360000, null, 'true');
INSERT INTO authusers.oauth_client_details (client_id, resource_ids, client_secret, scope, authorized_grant_types, web_server_redirect_uri, authorities, access_token_validity, refresh_token_validity, additional_information, autoapprove) VALUES ('hM9c0UJQXzpivOlGu5qvOa2on3GWohC3nQh3x3FuW5g', null, '$2a$10$ShQDGxtraVGZCZQF41hjqOns/GIXarySv7K7lCAyq9twPtmYNfKsK', 'server', 'refresh_token,client_credentials', null, '', 36000, 360000, null, 'true');
INSERT INTO authusers.oauth_client_details (client_id, resource_ids, client_secret, scope, authorized_grant_types, web_server_redirect_uri, authorities, access_token_validity, refresh_token_validity, additional_information, autoapprove) VALUES ('Jf9r3o_0k2XFhQGBjob3Uea1Uhg8b3-z7eG2nP0djUc', null, '$2a$10$qrxQSmyKFVM1pha5AzAejOedcibj4SUT0cq8H/DR1Ia9LZa./eCjO', 'server', 'refresh_token,client_credentials', null, '', 36000, 360000, null, 'true');
INSERT INTO authusers.oauth_client_details (client_id, resource_ids, client_secret, scope, authorized_grant_types, web_server_redirect_uri, authorities, access_token_validity, refresh_token_validity, additional_information, autoapprove) VALUES ('oauthorize', null, '$2a$10$uvgzdEDFLl9mSCAWK6w.i.ZIZ7eSizqziPly.nOWpAUvZ1Mp3LYju', 'read,write', 'password,refresh_token,client_credentials', null, null, 36000, 360000, null, 'true');
INSERT INTO authusers.oauth_client_details (client_id, resource_ids, client_secret, scope, authorized_grant_types, web_server_redirect_uri, authorities, access_token_validity, refresh_token_validity, additional_information, autoapprove) VALUES ('oYIfyd1Hnoc5nPC5B2N9OZhrs-SHoe9kVeUJ9HCYoWI', null, '$2a$10$C5qitI52j1b4bllEOZSzOeEY7hrNOrRjClor1cKZecCuFl64foWUO', 'server', 'refresh_token,client_credentials', null, '', 36000, 360000, null, 'true');
INSERT INTO authusers.oauth_client_details (client_id, resource_ids, client_secret, scope, authorized_grant_types, web_server_redirect_uri, authorities, access_token_validity, refresh_token_validity, additional_information, autoapprove) VALUES ('p9gBYdFRUpoLQG-yX0qErDdmCceL-Q5rkfLlzZygdok', null, '$2a$10$KYKmTj0oQ3rrPcVNKLwQb.WswU62z6fDMGnCywmA26Mn5SVUqHZnq', 'server', 'refresh_token,client_credentials', null, '', 36000, 360000, null, 'true');
INSERT INTO authusers.oauth_client_details (client_id, resource_ids, client_secret, scope, authorized_grant_types, web_server_redirect_uri, authorities, access_token_validity, refresh_token_validity, additional_information, autoapprove) VALUES ('RllnDkgQVsr_MsmQMHWnHF13-KfzzCYXjWE57D9QtYA', null, '$2a$10$Q/lKVCpmX8yW8Q4tJDD4G.9pNn/gemSh89YUZR6JKFclciWZfuATm', 'server', 'refresh_token,client_credentials', null, '', 36000, 360000, null, 'true');
INSERT INTO authusers.oauth_client_details (client_id, resource_ids, client_secret, scope, authorized_grant_types, web_server_redirect_uri, authorities, access_token_validity, refresh_token_validity, additional_information, autoapprove) VALUES ('Zd7AmbccoV18ig7f9Kv7IuRCU8sAb25KqbDsQQ-_KgE', null, '$2a$10$uMUwH4IRs5i6HDd82Iz9lef6tjhkmiifvBfKydwliuFGfTIIX4qy6', 'server', 'refresh_token,client_credentials', null, '', 36000, 360000, null, 'true');
INSERT INTO authusers.oauth_client_details (client_id, resource_ids, client_secret, scope, authorized_grant_types, web_server_redirect_uri, authorities, access_token_validity, refresh_token_validity, additional_information, autoapprove) VALUES ('zQuONszk9jMasM8uas9o_gLXNR24apu3bsBfri35Z_E', null, '$2a$10$VVZ/MqjGUrfcE4OhFPtoMu4ySvy2PE62tKooD1/oZevJff/NiGfie', 'server', 'refresh_token,client_credentials', null, '', 36000, 360000, null, 'true');
INSERT INTO authusers.oauth_refresh_token (token_id, token, authentication) VALUES ('bcc6830ff7b6c8df992921e78513f324', 0xACED00057372004C6F72672E737072696E676672616D65776F726B2E73656375726974792E6F61757468322E636F6D6D6F6E2E44656661756C744578706972696E674F417574683252656672657368546F6B656E2FDF47639DD0C9B70200014C000A65787069726174696F6E7400104C6A6176612F7574696C2F446174653B787200446F72672E737072696E676672616D65776F726B2E73656375726974792E6F61757468322E636F6D6D6F6E2E44656661756C744F417574683252656672657368546F6B656E73E10E0A6354D45E0200014C000576616C75657400124C6A6176612F6C616E672F537472696E673B787074002465623536373562302D643335332D343333632D623832632D3361346666353630343032617372000E6A6176612E7574696C2E44617465686A81014B59741903000078707708000001706A77DDDD78, 0xACED0005737200416F72672E737072696E676672616D65776F726B2E73656375726974792E6F61757468322E70726F76696465722E4F417574683241757468656E7469636174696F6EBD400B02166252130200024C000D73746F7265645265717565737474003C4C6F72672F737072696E676672616D65776F726B2F73656375726974792F6F61757468322F70726F76696465722F4F4175746832526571756573743B4C00127573657241757468656E7469636174696F6E7400324C6F72672F737072696E676672616D65776F726B2F73656375726974792F636F72652F41757468656E7469636174696F6E3B787200476F72672E737072696E676672616D65776F726B2E73656375726974792E61757468656E7469636174696F6E2E416273747261637441757468656E7469636174696F6E546F6B656ED3AA287E6E47640E0200035A000D61757468656E746963617465644C000B617574686F7269746965737400164C6A6176612F7574696C2F436F6C6C656374696F6E3B4C000764657461696C737400124C6A6176612F6C616E672F4F626A6563743B787000737200266A6176612E7574696C2E436F6C6C656374696F6E7324556E6D6F6469666961626C654C697374FC0F2531B5EC8E100200014C00046C6973747400104C6A6176612F7574696C2F4C6973743B7872002C6A6176612E7574696C2E436F6C6C656374696F6E7324556E6D6F6469666961626C65436F6C6C656374696F6E19420080CB5EF71E0200014C00016371007E00047870737200136A6176612E7574696C2E41727261794C6973747881D21D99C7619D03000149000473697A6578700000000177040000000173720027636F6D2E6D6963726F736572766963652E61757468736572766963652E6D6F64656C2E526F6C65F5771CB91D3C706E0200024C000269647400104C6A6176612F6C616E672F4C6F6E673B4C00046E616D657400124C6A6176612F6C616E672F537472696E673B78707372000E6A6176612E6C616E672E4C6F6E673B8BE490CC8F23DF0200014A000576616C7565787200106A6176612E6C616E672E4E756D62657286AC951D0B94E08B02000078700000000000000001740009524F4C455F555345527871007E000C707372003A6F72672E737072696E676672616D65776F726B2E73656375726974792E6F61757468322E70726F76696465722E4F41757468325265717565737400000000000000010200075A0008617070726F7665644C000B617574686F72697469657371007E00044C000A657874656E73696F6E7374000F4C6A6176612F7574696C2F4D61703B4C000B726564697265637455726971007E000F4C00077265667265736874003B4C6F72672F737072696E676672616D65776F726B2F73656375726974792F6F61757468322F70726F76696465722F546F6B656E526571756573743B4C000B7265736F7572636549647374000F4C6A6176612F7574696C2F5365743B4C000D726573706F6E7365547970657371007E0018787200386F72672E737072696E676672616D65776F726B2E73656375726974792E6F61757468322E70726F76696465722E426173655265717565737436287A3EA37169BD0200034C0008636C69656E74496471007E000F4C001172657175657374506172616D657465727371007E00164C000573636F706571007E0018787074000A6F617574686F72697A65737200256A6176612E7574696C2E436F6C6C656374696F6E7324556E6D6F6469666961626C654D6170F1A5A8FE74F507420200014C00016D71007E00167870737200116A6176612E7574696C2E486173684D61700507DAC1C31660D103000246000A6C6F6164466163746F724900097468726573686F6C6478703F400000000000037708000000040000000274000A6772616E745F7479706574000870617373776F7264740008757365726E616D657400056A6F76616E78737200256A6176612E7574696C2E436F6C6C656374696F6E7324556E6D6F6469666961626C65536574801D92D18F9B80550200007871007E0009737200176A6176612E7574696C2E4C696E6B656448617368536574D86CD75A95DD2A1E020000787200116A6176612E7574696C2E48617368536574BA44859596B8B7340300007870770C000000103F4000000000000274000472656164740005777269746578017371007E0027770C000000103F40000000000000787371007E001E3F40000000000000770800000010000000007870707371007E0027770C000000103F40000000000000787371007E0027770C000000103F40000000000000787372004F6F72672E737072696E676672616D65776F726B2E73656375726974792E61757468656E7469636174696F6E2E557365726E616D6550617373776F726441757468656E7469636174696F6E546F6B656E00000000000001FE0200024C000B63726564656E7469616C7371007E00054C00097072696E636970616C71007E00057871007E0003017371007E00077371007E000B0000000177040000000171007E00107871007E0032737200176A6176612E7574696C2E4C696E6B6564486173684D617034C04E5C106CC0FB0200015A000B6163636573734F726465727871007E001E3F400000000000067708000000080000000271007E002071007E002171007E002271007E002378007073720027636F6D2E6D6963726F736572766963652E61757468736572766963652E6D6F64656C2E5573657236A9E1FF029C74BD02000A4C0005656D61696C71007E000F4C000966697273744E616D6571007E000F4C0002696471007E000E4C00096973456E61626C65647400134C6A6176612F6C616E672F426F6F6C65616E3B4C000A6973566572696669656471007E00364C00086C6173744E616D6571007E000F4C00156C61737450617373776F72645265736574446174657400104C6A6176612F7574696C2F446174653B4C000870617373776F726471007E000F4C0005726F6C657371007E00184C0008757365726E616D6571007E000F7870740012643134383635303140757268656E2E636F6D7400054A6F76616E7371007E00110000000000000006737200116A6176612E6C616E672E426F6F6C65616ECD207280D59CFAEE0200015A000576616C756578700171007E003D7400094A6F76616E6F7669637074003C24326124313024567549322E356878546261577777587A3030335946656B6D646B76336F546475334B6A785A352F773157446332444663374E4C46537372002F6F72672E68696265726E6174652E636F6C6C656374696F6E2E696E7465726E616C2E50657273697374656E745365748B47EF79D4C9917D0200014C000373657471007E00187872003E6F72672E68696265726E6174652E636F6C6C656374696F6E2E696E7465726E616C2E416273747261637450657273697374656E74436F6C6C656374696F6E5718B75D8ABA735402000B5A001B616C6C6F774C6F61644F7574736964655472616E73616374696F6E49000A63616368656453697A655A000564697274795A000E656C656D656E7452656D6F7665645A000B696E697469616C697A65645A000D697354656D7053657373696F6E4C00036B65797400164C6A6176612F696F2F53657269616C697A61626C653B4C00056F776E657271007E00054C0004726F6C6571007E000F4C001273657373696F6E466163746F72795575696471007E000F4C000E73746F726564536E617073686F7471007E0042787000FFFFFFFF0000010071007E003B71007E003874002D636F6D2E6D6963726F736572766963652E61757468736572766963652E6D6F64656C2E557365722E726F6C6573707371007E001E3F400000000000017708000000020000000171007E001071007E0010787371007E0027770C000000103F4000000000000171007E0010787400056A6F76616E);
INSERT INTO authusers.oauth_refresh_token (token_id, token, authentication) VALUES ('9dd8494fd4e77f0091666bac82f8ec4a', 0xACED00057372004C6F72672E737072696E676672616D65776F726B2E73656375726974792E6F61757468322E636F6D6D6F6E2E44656661756C744578706972696E674F417574683252656672657368546F6B656E2FDF47639DD0C9B70200014C000A65787069726174696F6E7400104C6A6176612F7574696C2F446174653B787200446F72672E737072696E676672616D65776F726B2E73656375726974792E6F61757468322E636F6D6D6F6E2E44656661756C744F417574683252656672657368546F6B656E73E10E0A6354D45E0200014C000576616C75657400124C6A6176612F6C616E672F537472696E673B787074002434383830373863392D303832362D346566652D396232632D3164306165353933333032357372000E6A6176612E7574696C2E44617465686A81014B59741903000078707708000001705F7FF0BB78, 0xACED0005737200416F72672E737072696E676672616D65776F726B2E73656375726974792E6F61757468322E70726F76696465722E4F417574683241757468656E7469636174696F6EBD400B02166252130200024C000D73746F7265645265717565737474003C4C6F72672F737072696E676672616D65776F726B2F73656375726974792F6F61757468322F70726F76696465722F4F4175746832526571756573743B4C00127573657241757468656E7469636174696F6E7400324C6F72672F737072696E676672616D65776F726B2F73656375726974792F636F72652F41757468656E7469636174696F6E3B787200476F72672E737072696E676672616D65776F726B2E73656375726974792E61757468656E7469636174696F6E2E416273747261637441757468656E7469636174696F6E546F6B656ED3AA287E6E47640E0200035A000D61757468656E746963617465644C000B617574686F7269746965737400164C6A6176612F7574696C2F436F6C6C656374696F6E3B4C000764657461696C737400124C6A6176612F6C616E672F4F626A6563743B787000737200266A6176612E7574696C2E436F6C6C656374696F6E7324556E6D6F6469666961626C654C697374FC0F2531B5EC8E100200014C00046C6973747400104C6A6176612F7574696C2F4C6973743B7872002C6A6176612E7574696C2E436F6C6C656374696F6E7324556E6D6F6469666961626C65436F6C6C656374696F6E19420080CB5EF71E0200014C00016371007E00047870737200136A6176612E7574696C2E41727261794C6973747881D21D99C7619D03000149000473697A657870000000007704000000007871007E000C707372003A6F72672E737072696E676672616D65776F726B2E73656375726974792E6F61757468322E70726F76696465722E4F41757468325265717565737400000000000000010200075A0008617070726F7665644C000B617574686F72697469657371007E00044C000A657874656E73696F6E7374000F4C6A6176612F7574696C2F4D61703B4C000B72656469726563745572697400124C6A6176612F6C616E672F537472696E673B4C00077265667265736874003B4C6F72672F737072696E676672616D65776F726B2F73656375726974792F6F61757468322F70726F76696465722F546F6B656E526571756573743B4C000B7265736F7572636549647374000F4C6A6176612F7574696C2F5365743B4C000D726573706F6E7365547970657371007E0011787200386F72672E737072696E676672616D65776F726B2E73656375726974792E6F61757468322E70726F76696465722E426173655265717565737436287A3EA37169BD0200034C0008636C69656E74496471007E000F4C001172657175657374506172616D657465727371007E000E4C000573636F706571007E0011787074000A6F617574686F72697A65737200256A6176612E7574696C2E436F6C6C656374696F6E7324556E6D6F6469666961626C654D6170F1A5A8FE74F507420200014C00016D71007E000E7870737200116A6176612E7574696C2E486173684D61700507DAC1C31660D103000246000A6C6F6164466163746F724900097468726573686F6C6478703F400000000000037708000000040000000274000A6772616E745F74797065740012636C69656E745F63726564656E7469616C7374000573636F706574000A7265616420777269746578737200256A6176612E7574696C2E436F6C6C656374696F6E7324556E6D6F6469666961626C65536574801D92D18F9B80550200007871007E0009737200176A6176612E7574696C2E4C696E6B656448617368536574D86CD75A95DD2A1E020000787200116A6176612E7574696C2E48617368536574BA44859596B8B7340300007870770C000000103F4000000000000274000472656164740005777269746578017371007E0020770C000000103F40000000000000787371007E00173F40000000000000770800000010000000007870707371007E0020770C000000103F40000000000000787371007E0020770C000000103F400000000000007870);
INSERT INTO authusers.oauth_refresh_token (token_id, token, authentication) VALUES ('fd51bf8e586a0636e8182bc6d19f992a', 0xACED00057372004C6F72672E737072696E676672616D65776F726B2E73656375726974792E6F61757468322E636F6D6D6F6E2E44656661756C744578706972696E674F417574683252656672657368546F6B656E2FDF47639DD0C9B70200014C000A65787069726174696F6E7400104C6A6176612F7574696C2F446174653B787200446F72672E737072696E676672616D65776F726B2E73656375726974792E6F61757468322E636F6D6D6F6E2E44656661756C744F417574683252656672657368546F6B656E73E10E0A6354D45E0200014C000576616C75657400124C6A6176612F6C616E672F537472696E673B787074002463323133323533622D313964362D343136622D393532662D3938316461336134613732637372000E6A6176612E7574696C2E44617465686A81014B59741903000078707708000001706FA3A19178, 0xACED0005737200416F72672E737072696E676672616D65776F726B2E73656375726974792E6F61757468322E70726F76696465722E4F417574683241757468656E7469636174696F6EBD400B02166252130200024C000D73746F7265645265717565737474003C4C6F72672F737072696E676672616D65776F726B2F73656375726974792F6F61757468322F70726F76696465722F4F4175746832526571756573743B4C00127573657241757468656E7469636174696F6E7400324C6F72672F737072696E676672616D65776F726B2F73656375726974792F636F72652F41757468656E7469636174696F6E3B787200476F72672E737072696E676672616D65776F726B2E73656375726974792E61757468656E7469636174696F6E2E416273747261637441757468656E7469636174696F6E546F6B656ED3AA287E6E47640E0200035A000D61757468656E746963617465644C000B617574686F7269746965737400164C6A6176612F7574696C2F436F6C6C656374696F6E3B4C000764657461696C737400124C6A6176612F6C616E672F4F626A6563743B787000737200266A6176612E7574696C2E436F6C6C656374696F6E7324556E6D6F6469666961626C654C697374FC0F2531B5EC8E100200014C00046C6973747400104C6A6176612F7574696C2F4C6973743B7872002C6A6176612E7574696C2E436F6C6C656374696F6E7324556E6D6F6469666961626C65436F6C6C656374696F6E19420080CB5EF71E0200014C00016371007E00047870737200136A6176612E7574696C2E41727261794C6973747881D21D99C7619D03000149000473697A6578700000000177040000000173720027636F6D2E6D6963726F736572766963652E61757468736572766963652E6D6F64656C2E526F6C65F5771CB91D3C706E0200024C000269647400104C6A6176612F6C616E672F4C6F6E673B4C00046E616D657400124C6A6176612F6C616E672F537472696E673B78707372000E6A6176612E6C616E672E4C6F6E673B8BE490CC8F23DF0200014A000576616C7565787200106A6176612E6C616E672E4E756D62657286AC951D0B94E08B02000078700000000000000001740009524F4C455F555345527871007E000C707372003A6F72672E737072696E676672616D65776F726B2E73656375726974792E6F61757468322E70726F76696465722E4F41757468325265717565737400000000000000010200075A0008617070726F7665644C000B617574686F72697469657371007E00044C000A657874656E73696F6E7374000F4C6A6176612F7574696C2F4D61703B4C000B726564697265637455726971007E000F4C00077265667265736874003B4C6F72672F737072696E676672616D65776F726B2F73656375726974792F6F61757468322F70726F76696465722F546F6B656E526571756573743B4C000B7265736F7572636549647374000F4C6A6176612F7574696C2F5365743B4C000D726573706F6E7365547970657371007E0018787200386F72672E737072696E676672616D65776F726B2E73656375726974792E6F61757468322E70726F76696465722E426173655265717565737436287A3EA37169BD0200034C0008636C69656E74496471007E000F4C001172657175657374506172616D657465727371007E00164C000573636F706571007E0018787074000A6F617574686F72697A65737200256A6176612E7574696C2E436F6C6C656374696F6E7324556E6D6F6469666961626C654D6170F1A5A8FE74F507420200014C00016D71007E00167870737200116A6176612E7574696C2E486173684D61700507DAC1C31660D103000246000A6C6F6164466163746F724900097468726573686F6C6478703F400000000000037708000000040000000274000A6772616E745F7479706574000870617373776F7264740008757365726E616D657400066E696B6F6C6178737200256A6176612E7574696C2E436F6C6C656374696F6E7324556E6D6F6469666961626C65536574801D92D18F9B80550200007871007E0009737200176A6176612E7574696C2E4C696E6B656448617368536574D86CD75A95DD2A1E020000787200116A6176612E7574696C2E48617368536574BA44859596B8B7340300007870770C000000103F4000000000000274000472656164740005777269746578017371007E0027770C000000103F40000000000000787371007E001E3F40000000000000770800000010000000007870707371007E0027770C000000103F40000000000000787371007E0027770C000000103F40000000000000787372004F6F72672E737072696E676672616D65776F726B2E73656375726974792E61757468656E7469636174696F6E2E557365726E616D6550617373776F726441757468656E7469636174696F6E546F6B656E00000000000001FE0200024C000B63726564656E7469616C7371007E00054C00097072696E636970616C71007E00057871007E0003017371007E00077371007E000B0000000177040000000171007E00107871007E0032737200176A6176612E7574696C2E4C696E6B6564486173684D617034C04E5C106CC0FB0200015A000B6163636573734F726465727871007E001E3F400000000000067708000000080000000271007E002071007E002171007E002271007E002378007073720027636F6D2E6D6963726F736572766963652E61757468736572766963652E6D6F64656C2E5573657236A9E1FF029C74BD02000A4C0005656D61696C71007E000F4C000966697273744E616D6571007E000F4C0002696471007E000E4C00096973456E61626C65647400134C6A6176612F6C616E672F426F6F6C65616E3B4C000A6973566572696669656471007E00364C00086C6173744E616D6571007E000F4C00156C61737450617373776F72645265736574446174657400104C6A6176612F7574696C2F446174653B4C000870617373776F726471007E000F4C0005726F6C657371007E00184C0008757365726E616D6571007E000F787074001C7469786F6F71627A787969676771617574694074746972762E6F72677400066E696B6F6C617371007E00110000000000000007737200116A6176612E6C616E672E426F6F6C65616ECD207280D59CFAEE0200015A000576616C756578700171007E003D7400074E696B6F6C69637074003C243261243130246B7A654F442E6559686B4353546D6A6C6347504E737563314533674743307A38433564636730454B735854586953743533454547437372002F6F72672E68696265726E6174652E636F6C6C656374696F6E2E696E7465726E616C2E50657273697374656E745365748B47EF79D4C9917D0200014C000373657471007E00187872003E6F72672E68696265726E6174652E636F6C6C656374696F6E2E696E7465726E616C2E416273747261637450657273697374656E74436F6C6C656374696F6E5718B75D8ABA735402000B5A001B616C6C6F774C6F61644F7574736964655472616E73616374696F6E49000A63616368656453697A655A000564697274795A000E656C656D656E7452656D6F7665645A000B696E697469616C697A65645A000D697354656D7053657373696F6E4C00036B65797400164C6A6176612F696F2F53657269616C697A61626C653B4C00056F776E657271007E00054C0004726F6C6571007E000F4C001273657373696F6E466163746F72795575696471007E000F4C000E73746F726564536E617073686F7471007E0042787000FFFFFFFF0000010071007E003B71007E003874002D636F6D2E6D6963726F736572766963652E61757468736572766963652E6D6F64656C2E557365722E726F6C6573707371007E001E3F400000000000017708000000020000000171007E001071007E0010787371007E0027770C000000103F4000000000000171007E0010787400066E696B6F6C61);
INSERT INTO authusers.oauth_refresh_token (token_id, token, authentication) VALUES ('3a221af4f70aef3ddd51c549a0c84a66', 0xACED00057372004C6F72672E737072696E676672616D65776F726B2E73656375726974792E6F61757468322E636F6D6D6F6E2E44656661756C744578706972696E674F417574683252656672657368546F6B656E2FDF47639DD0C9B70200014C000A65787069726174696F6E7400104C6A6176612F7574696C2F446174653B787200446F72672E737072696E676672616D65776F726B2E73656375726974792E6F61757468322E636F6D6D6F6E2E44656661756C744F417574683252656672657368546F6B656E73E10E0A6354D45E0200014C000576616C75657400124C6A6176612F6C616E672F537472696E673B787074002438383436353832302D306463372D343137642D383239342D6134623865323037346631327372000E6A6176612E7574696C2E44617465686A81014B59741903000078707708000001706601DFA578, 0xACED0005737200416F72672E737072696E676672616D65776F726B2E73656375726974792E6F61757468322E70726F76696465722E4F417574683241757468656E7469636174696F6EBD400B02166252130200024C000D73746F7265645265717565737474003C4C6F72672F737072696E676672616D65776F726B2F73656375726974792F6F61757468322F70726F76696465722F4F4175746832526571756573743B4C00127573657241757468656E7469636174696F6E7400324C6F72672F737072696E676672616D65776F726B2F73656375726974792F636F72652F41757468656E7469636174696F6E3B787200476F72672E737072696E676672616D65776F726B2E73656375726974792E61757468656E7469636174696F6E2E416273747261637441757468656E7469636174696F6E546F6B656ED3AA287E6E47640E0200035A000D61757468656E746963617465644C000B617574686F7269746965737400164C6A6176612F7574696C2F436F6C6C656374696F6E3B4C000764657461696C737400124C6A6176612F6C616E672F4F626A6563743B787000737200266A6176612E7574696C2E436F6C6C656374696F6E7324556E6D6F6469666961626C654C697374FC0F2531B5EC8E100200014C00046C6973747400104C6A6176612F7574696C2F4C6973743B7872002C6A6176612E7574696C2E436F6C6C656374696F6E7324556E6D6F6469666961626C65436F6C6C656374696F6E19420080CB5EF71E0200014C00016371007E00047870737200136A6176612E7574696C2E41727261794C6973747881D21D99C7619D03000149000473697A6578700000000177040000000173720027636F6D2E6D6963726F736572766963652E61757468736572766963652E6D6F64656C2E526F6C65F5771CB91D3C706E0200024C000269647400104C6A6176612F6C616E672F4C6F6E673B4C00046E616D657400124C6A6176612F6C616E672F537472696E673B78707372000E6A6176612E6C616E672E4C6F6E673B8BE490CC8F23DF0200014A000576616C7565787200106A6176612E6C616E672E4E756D62657286AC951D0B94E08B02000078700000000000000001740009524F4C455F555345527871007E000C707372003A6F72672E737072696E676672616D65776F726B2E73656375726974792E6F61757468322E70726F76696465722E4F41757468325265717565737400000000000000010200075A0008617070726F7665644C000B617574686F72697469657371007E00044C000A657874656E73696F6E7374000F4C6A6176612F7574696C2F4D61703B4C000B726564697265637455726971007E000F4C00077265667265736874003B4C6F72672F737072696E676672616D65776F726B2F73656375726974792F6F61757468322F70726F76696465722F546F6B656E526571756573743B4C000B7265736F7572636549647374000F4C6A6176612F7574696C2F5365743B4C000D726573706F6E7365547970657371007E0018787200386F72672E737072696E676672616D65776F726B2E73656375726974792E6F61757468322E70726F76696465722E426173655265717565737436287A3EA37169BD0200034C0008636C69656E74496471007E000F4C001172657175657374506172616D657465727371007E00164C000573636F706571007E0018787074000A6F617574686F72697A65737200256A6176612E7574696C2E436F6C6C656374696F6E7324556E6D6F6469666961626C654D6170F1A5A8FE74F507420200014C00016D71007E00167870737200116A6176612E7574696C2E486173684D61700507DAC1C31660D103000246000A6C6F6164466163746F724900097468726573686F6C6478703F400000000000037708000000040000000274000A6772616E745F7479706574000870617373776F7264740008757365726E616D657400056D61726B6F78737200256A6176612E7574696C2E436F6C6C656374696F6E7324556E6D6F6469666961626C65536574801D92D18F9B80550200007871007E0009737200176A6176612E7574696C2E4C696E6B656448617368536574D86CD75A95DD2A1E020000787200116A6176612E7574696C2E48617368536574BA44859596B8B7340300007870770C000000103F4000000000000274000472656164740005777269746578017371007E0027770C000000103F40000000000000787371007E001E3F40000000000000770800000010000000007870707371007E0027770C000000103F40000000000000787371007E0027770C000000103F40000000000000787372004F6F72672E737072696E676672616D65776F726B2E73656375726974792E61757468656E7469636174696F6E2E557365726E616D6550617373776F726441757468656E7469636174696F6E546F6B656E00000000000001FE0200024C000B63726564656E7469616C7371007E00054C00097072696E636970616C71007E00057871007E0003017371007E00077371007E000B0000000177040000000171007E00107871007E0032737200176A6176612E7574696C2E4C696E6B6564486173684D617034C04E5C106CC0FB0200015A000B6163636573734F726465727871007E001E3F400000000000067708000000080000000271007E002071007E002171007E002271007E002378007073720027636F6D2E6D6963726F736572766963652E61757468736572766963652E6D6F64656C2E5573657236A9E1FF029C74BD02000A4C0005656D61696C71007E000F4C000966697273744E616D6571007E000F4C0002696471007E000E4C00096973456E61626C65647400134C6A6176612F6C616E672F426F6F6C65616E3B4C000A6973566572696669656471007E00364C00086C6173744E616D6571007E000F4C00156C61737450617373776F72645265736574446174657400104C6A6176612F7574696C2F446174653B4C000870617373776F726471007E000F4C0005726F6C657371007E00184C0008757365726E616D6571007E000F7870740012643134373632373340757268656E2E636F6D7400054D61726B6F7371007E00110000000000000004737200116A6176612E6C616E672E426F6F6C65616ECD207280D59CFAEE0200015A000576616C756578700171007E003D7400084D61726B6F7669637074003C2432612431302446396D5838654D726758464F4C7657663078477272654148744236304A767067774476325A3275783069644B4D36346A786E414A657372002F6F72672E68696265726E6174652E636F6C6C656374696F6E2E696E7465726E616C2E50657273697374656E745365748B47EF79D4C9917D0200014C000373657471007E00187872003E6F72672E68696265726E6174652E636F6C6C656374696F6E2E696E7465726E616C2E416273747261637450657273697374656E74436F6C6C656374696F6E5718B75D8ABA735402000B5A001B616C6C6F774C6F61644F7574736964655472616E73616374696F6E49000A63616368656453697A655A000564697274795A000E656C656D656E7452656D6F7665645A000B696E697469616C697A65645A000D697354656D7053657373696F6E4C00036B65797400164C6A6176612F696F2F53657269616C697A61626C653B4C00056F776E657271007E00054C0004726F6C6571007E000F4C001273657373696F6E466163746F72795575696471007E000F4C000E73746F726564536E617073686F7471007E0042787000FFFFFFFF0000010071007E003B71007E003874002D636F6D2E6D6963726F736572766963652E61757468736572766963652E6D6F64656C2E557365722E726F6C6573707371007E001E3F400000000000017708000000020000000171007E001071007E0010787371007E0027770C000000103F4000000000000171007E0010787400056D61726B6F);
INSERT INTO authusers.oauth_refresh_token (token_id, token, authentication) VALUES ('1a4d50fd6c36a0f546cff467974384f8', 0xACED00057372004C6F72672E737072696E676672616D65776F726B2E73656375726974792E6F61757468322E636F6D6D6F6E2E44656661756C744578706972696E674F417574683252656672657368546F6B656E2FDF47639DD0C9B70200014C000A65787069726174696F6E7400104C6A6176612F7574696C2F446174653B787200446F72672E737072696E676672616D65776F726B2E73656375726974792E6F61757468322E636F6D6D6F6E2E44656661756C744F417574683252656672657368546F6B656E73E10E0A6354D45E0200014C000576616C75657400124C6A6176612F6C616E672F537472696E673B787074002434363634376663662D303034662D343866652D613064362D3833363038356366383536357372000E6A6176612E7574696C2E44617465686A81014B59741903000078707708000001705E9C0C0A78, 0xACED0005737200416F72672E737072696E676672616D65776F726B2E73656375726974792E6F61757468322E70726F76696465722E4F417574683241757468656E7469636174696F6EBD400B02166252130200024C000D73746F7265645265717565737474003C4C6F72672F737072696E676672616D65776F726B2F73656375726974792F6F61757468322F70726F76696465722F4F4175746832526571756573743B4C00127573657241757468656E7469636174696F6E7400324C6F72672F737072696E676672616D65776F726B2F73656375726974792F636F72652F41757468656E7469636174696F6E3B787200476F72672E737072696E676672616D65776F726B2E73656375726974792E61757468656E7469636174696F6E2E416273747261637441757468656E7469636174696F6E546F6B656ED3AA287E6E47640E0200035A000D61757468656E746963617465644C000B617574686F7269746965737400164C6A6176612F7574696C2F436F6C6C656374696F6E3B4C000764657461696C737400124C6A6176612F6C616E672F4F626A6563743B787000737200266A6176612E7574696C2E436F6C6C656374696F6E7324556E6D6F6469666961626C654C697374FC0F2531B5EC8E100200014C00046C6973747400104C6A6176612F7574696C2F4C6973743B7872002C6A6176612E7574696C2E436F6C6C656374696F6E7324556E6D6F6469666961626C65436F6C6C656374696F6E19420080CB5EF71E0200014C00016371007E00047870737200136A6176612E7574696C2E41727261794C6973747881D21D99C7619D03000149000473697A657870000000007704000000007871007E000C707372003A6F72672E737072696E676672616D65776F726B2E73656375726974792E6F61757468322E70726F76696465722E4F41757468325265717565737400000000000000010200075A0008617070726F7665644C000B617574686F72697469657371007E00044C000A657874656E73696F6E7374000F4C6A6176612F7574696C2F4D61703B4C000B72656469726563745572697400124C6A6176612F6C616E672F537472696E673B4C00077265667265736874003B4C6F72672F737072696E676672616D65776F726B2F73656375726974792F6F61757468322F70726F76696465722F546F6B656E526571756573743B4C000B7265736F7572636549647374000F4C6A6176612F7574696C2F5365743B4C000D726573706F6E7365547970657371007E0011787200386F72672E737072696E676672616D65776F726B2E73656375726974792E6F61757468322E70726F76696465722E426173655265717565737436287A3EA37169BD0200034C0008636C69656E74496471007E000F4C001172657175657374506172616D657465727371007E000E4C000573636F706571007E0011787074002B5F4373666C7443446A6E2D5250677866366848456A65745549595144614D6138674D35687071452D6A3241737200256A6176612E7574696C2E436F6C6C656374696F6E7324556E6D6F6469666961626C654D6170F1A5A8FE74F507420200014C00016D71007E000E7870737200116A6176612E7574696C2E486173684D61700507DAC1C31660D103000246000A6C6F6164466163746F724900097468726573686F6C6478703F400000000000067708000000080000000374000A6772616E745F74797065740012636C69656E745F63726564656E7469616C73740009636C69656E745F696474002B5F4373666C7443446A6E2D5250677866366848456A65745549595144614D6138674D35687071452D6A324174000573636F706574000673657276657278737200256A6176612E7574696C2E436F6C6C656374696F6E7324556E6D6F6469666961626C65536574801D92D18F9B80550200007871007E0009737200176A6176612E7574696C2E4C696E6B656448617368536574D86CD75A95DD2A1E020000787200116A6176612E7574696C2E48617368536574BA44859596B8B7340300007870770C000000103F4000000000000171007E001E78017371007E0022770C000000103F40000000000000787371007E00173F40000000000000770800000010000000007870707371007E0022770C000000103F40000000000000787371007E0022770C000000103F400000000000007870);
INSERT INTO authusers.oauth_refresh_token (token_id, token, authentication) VALUES ('dd4c906cfebf6589af7d6777bcbc6530', 0xACED00057372004C6F72672E737072696E676672616D65776F726B2E73656375726974792E6F61757468322E636F6D6D6F6E2E44656661756C744578706972696E674F417574683252656672657368546F6B656E2FDF47639DD0C9B70200014C000A65787069726174696F6E7400104C6A6176612F7574696C2F446174653B787200446F72672E737072696E676672616D65776F726B2E73656375726974792E6F61757468322E636F6D6D6F6E2E44656661756C744F417574683252656672657368546F6B656E73E10E0A6354D45E0200014C000576616C75657400124C6A6176612F6C616E672F537472696E673B787074002437616632373933322D373939322D343366642D616236612D6666613561663662643839347372000E6A6176612E7574696C2E44617465686A81014B5974190300007870770800000170707DD03F78, 0xACED0005737200416F72672E737072696E676672616D65776F726B2E73656375726974792E6F61757468322E70726F76696465722E4F417574683241757468656E7469636174696F6EBD400B02166252130200024C000D73746F7265645265717565737474003C4C6F72672F737072696E676672616D65776F726B2F73656375726974792F6F61757468322F70726F76696465722F4F4175746832526571756573743B4C00127573657241757468656E7469636174696F6E7400324C6F72672F737072696E676672616D65776F726B2F73656375726974792F636F72652F41757468656E7469636174696F6E3B787200476F72672E737072696E676672616D65776F726B2E73656375726974792E61757468656E7469636174696F6E2E416273747261637441757468656E7469636174696F6E546F6B656ED3AA287E6E47640E0200035A000D61757468656E746963617465644C000B617574686F7269746965737400164C6A6176612F7574696C2F436F6C6C656374696F6E3B4C000764657461696C737400124C6A6176612F6C616E672F4F626A6563743B787000737200266A6176612E7574696C2E436F6C6C656374696F6E7324556E6D6F6469666961626C654C697374FC0F2531B5EC8E100200014C00046C6973747400104C6A6176612F7574696C2F4C6973743B7872002C6A6176612E7574696C2E436F6C6C656374696F6E7324556E6D6F6469666961626C65436F6C6C656374696F6E19420080CB5EF71E0200014C00016371007E00047870737200136A6176612E7574696C2E41727261794C6973747881D21D99C7619D03000149000473697A657870000000007704000000007871007E000C707372003A6F72672E737072696E676672616D65776F726B2E73656375726974792E6F61757468322E70726F76696465722E4F41757468325265717565737400000000000000010200075A0008617070726F7665644C000B617574686F72697469657371007E00044C000A657874656E73696F6E7374000F4C6A6176612F7574696C2F4D61703B4C000B72656469726563745572697400124C6A6176612F6C616E672F537472696E673B4C00077265667265736874003B4C6F72672F737072696E676672616D65776F726B2F73656375726974792F6F61757468322F70726F76696465722F546F6B656E526571756573743B4C000B7265736F7572636549647374000F4C6A6176612F7574696C2F5365743B4C000D726573706F6E7365547970657371007E0011787200386F72672E737072696E676672616D65776F726B2E73656375726974792E6F61757468322E70726F76696465722E426173655265717565737436287A3EA37169BD0200034C0008636C69656E74496471007E000F4C001172657175657374506172616D657465727371007E000E4C000573636F706571007E0011787074002B627A6B396A4D6B4736736C38684A37735A6D634F4F3048627871446E5577372D4533747451634250374267737200256A6176612E7574696C2E436F6C6C656374696F6E7324556E6D6F6469666961626C654D6170F1A5A8FE74F507420200014C00016D71007E000E7870737200116A6176612E7574696C2E486173684D61700507DAC1C31660D103000246000A6C6F6164466163746F724900097468726573686F6C6478703F400000000000067708000000080000000374000A6772616E745F74797065740012636C69656E745F63726564656E7469616C73740009636C69656E745F696474002B627A6B396A4D6B4736736C38684A37735A6D634F4F3048627871446E5577372D453374745163425037426774000573636F706574000673657276657278737200256A6176612E7574696C2E436F6C6C656374696F6E7324556E6D6F6469666961626C65536574801D92D18F9B80550200007871007E0009737200176A6176612E7574696C2E4C696E6B656448617368536574D86CD75A95DD2A1E020000787200116A6176612E7574696C2E48617368536574BA44859596B8B7340300007870770C000000103F4000000000000171007E001E78017371007E0022770C000000103F40000000000000787371007E00173F40000000000000770800000010000000007870707371007E0022770C000000103F40000000000000787371007E0022770C000000103F400000000000007870);
INSERT INTO authusers.oauth_refresh_token (token_id, token, authentication) VALUES ('a17cee163a27296733ea669c1aaf8407', 0xACED00057372004C6F72672E737072696E676672616D65776F726B2E73656375726974792E6F61757468322E636F6D6D6F6E2E44656661756C744578706972696E674F417574683252656672657368546F6B656E2FDF47639DD0C9B70200014C000A65787069726174696F6E7400104C6A6176612F7574696C2F446174653B787200446F72672E737072696E676672616D65776F726B2E73656375726974792E6F61757468322E636F6D6D6F6E2E44656661756C744F417574683252656672657368546F6B656E73E10E0A6354D45E0200014C000576616C75657400124C6A6176612F6C616E672F537472696E673B787074002438663762346636302D336437622D346335312D626137622D3732333037333962306635397372000E6A6176612E7574696C2E44617465686A81014B59741903000078707708000001707084D73778, 0xACED0005737200416F72672E737072696E676672616D65776F726B2E73656375726974792E6F61757468322E70726F76696465722E4F417574683241757468656E7469636174696F6EBD400B02166252130200024C000D73746F7265645265717565737474003C4C6F72672F737072696E676672616D65776F726B2F73656375726974792F6F61757468322F70726F76696465722F4F4175746832526571756573743B4C00127573657241757468656E7469636174696F6E7400324C6F72672F737072696E676672616D65776F726B2F73656375726974792F636F72652F41757468656E7469636174696F6E3B787200476F72672E737072696E676672616D65776F726B2E73656375726974792E61757468656E7469636174696F6E2E416273747261637441757468656E7469636174696F6E546F6B656ED3AA287E6E47640E0200035A000D61757468656E746963617465644C000B617574686F7269746965737400164C6A6176612F7574696C2F436F6C6C656374696F6E3B4C000764657461696C737400124C6A6176612F6C616E672F4F626A6563743B787000737200266A6176612E7574696C2E436F6C6C656374696F6E7324556E6D6F6469666961626C654C697374FC0F2531B5EC8E100200014C00046C6973747400104C6A6176612F7574696C2F4C6973743B7872002C6A6176612E7574696C2E436F6C6C656374696F6E7324556E6D6F6469666961626C65436F6C6C656374696F6E19420080CB5EF71E0200014C00016371007E00047870737200136A6176612E7574696C2E41727261794C6973747881D21D99C7619D03000149000473697A657870000000007704000000007871007E000C707372003A6F72672E737072696E676672616D65776F726B2E73656375726974792E6F61757468322E70726F76696465722E4F41757468325265717565737400000000000000010200075A0008617070726F7665644C000B617574686F72697469657371007E00044C000A657874656E73696F6E7374000F4C6A6176612F7574696C2F4D61703B4C000B72656469726563745572697400124C6A6176612F6C616E672F537472696E673B4C00077265667265736874003B4C6F72672F737072696E676672616D65776F726B2F73656375726974792F6F61757468322F70726F76696465722F546F6B656E526571756573743B4C000B7265736F7572636549647374000F4C6A6176612F7574696C2F5365743B4C000D726573706F6E7365547970657371007E0011787200386F72672E737072696E676672616D65776F726B2E73656375726974792E6F61757468322E70726F76696465722E426173655265717565737436287A3EA37169BD0200034C0008636C69656E74496471007E000F4C001172657175657374506172616D657465727371007E000E4C000573636F706571007E0011787074002B703967425964465255706F4C51472D79583071457244646D4363654C2D5135726B664C6C7A5A7967646F6B737200256A6176612E7574696C2E436F6C6C656374696F6E7324556E6D6F6469666961626C654D6170F1A5A8FE74F507420200014C00016D71007E000E7870737200116A6176612E7574696C2E486173684D61700507DAC1C31660D103000246000A6C6F6164466163746F724900097468726573686F6C6478703F400000000000067708000000080000000374000A6772616E745F74797065740012636C69656E745F63726564656E7469616C73740009636C69656E745F696474002B703967425964465255706F4C51472D79583071457244646D4363654C2D5135726B664C6C7A5A7967646F6B74000573636F706574000673657276657278737200256A6176612E7574696C2E436F6C6C656374696F6E7324556E6D6F6469666961626C65536574801D92D18F9B80550200007871007E0009737200176A6176612E7574696C2E4C696E6B656448617368536574D86CD75A95DD2A1E020000787200116A6176612E7574696C2E48617368536574BA44859596B8B7340300007870770C000000103F4000000000000171007E001E78017371007E0022770C000000103F40000000000000787371007E00173F40000000000000770800000010000000007870707371007E0022770C000000103F40000000000000787371007E0022770C000000103F400000000000007870);
INSERT INTO authusers.role (id, name) VALUES (1, 'ROLE_USER');
INSERT INTO authusers.user (id, email, first_name, is_enabled, is_verified, last_name, last_password_reset_date, password, username) VALUES (1, 'mail@mail.com', 'Mix', true, true, 'Mixovic', null, '$2a$10$7B.bVqK2UMz90G0qKdqbj.e28j7iuLFUCxmF/tzC5dlUIoQbPFUjy', 'mixa');
INSERT INTO authusers.user (id, email, first_name, is_enabled, is_verified, last_name, last_password_reset_date, password, username) VALUES (4, 'd1476273@urhen.com', 'Marko', true, true, 'Markovic', null, '$2a$10$F9mX8eMrgXFOLvWf0xGrreAHtB60JvpgwDv2Z2ux0idKM64jxnAJe', 'marko');
INSERT INTO authusers.user (id, email, first_name, is_enabled, is_verified, last_name, last_password_reset_date, password, username) VALUES (6, 'd1486501@urhen.com', 'Jovan', true, true, 'Jovanovic', null, '$2a$10$VuI2.5hxTbaWwwXz003YFekmdkv3oTdu3KjxZ5/w1WDc2DFc7NLFS', 'jovan');
INSERT INTO authusers.user (id, email, first_name, is_enabled, is_verified, last_name, last_password_reset_date, password, username) VALUES (7, 'tixooqbzxyiggqauti@ttirv.org', 'nikola', true, true, 'Nikolic', null, '$2a$10$kzeOD.eYhkCSTmjlcGPNsuc1E3gGC0z8C5dcg0EKsXTXiSt53EEGC', 'nikola');
INSERT INTO authusers.user_roles (user_id, role_id) VALUES (1, 1);
INSERT INTO authusers.user_roles (user_id, role_id) VALUES (4, 1);
INSERT INTO authusers.user_roles (user_id, role_id) VALUES (6, 1);
INSERT INTO authusers.user_roles (user_id, role_id) VALUES (7, 1);
INSERT INTO authusers.verification_token (id, expiry_date, verification_token, user_id) VALUES (1, '2020-02-19 21:21:49', 'be187abb-9fb0-4fc9-a5be-fba458b80fc7', 7);
INSERT INTO bank.account (id, amount, card_holder_name, card_number, cvv, expiration_date) VALUES (1, 200000, 'Veljko Mosorinski', '4381634575122764', '124', '2021-01-01 05:00:00');
INSERT INTO bank.account (id, amount, card_holder_name, card_number, cvv, expiration_date) VALUES (2, 99978, 'Milica Matijevic', '4381637093394898', '125', '2020-09-01 05:00:00');
INSERT INTO bank.account (id, amount, card_holder_name, card_number, cvv, expiration_date) VALUES (3, 144963, 'Mihajlo Levarski', '4381639522238415', '127', '2024-08-01 05:00:00');
INSERT INTO bank.account (id, amount, card_holder_name, card_number, cvv, expiration_date) VALUES (4, 1002494, 'Marko Markovic', '4381639139847699', '128', '2022-02-01 05:00:00');
INSERT INTO bank.merchant (merchant_id, merchant_password, account_id) VALUES ('RWUKBtlFRnQqPDdfoOy8sop36Vo', '9ZPHH0VfaqBURrsO4_O1RDR6Q2aaqb5P4pDlW0gs5SrMnYWtvMuQEisPbZOtv5zsB0qSfEJg47I9NUY7', 4);
INSERT INTO bank.merchant (merchant_id, merchant_password, account_id) VALUES ('4RjUXoYLT4div_PrNvtEeI353qM', 'rJaJSiqcPAduWjv0XartcRMhQTjhBgPZGSl6SFeHE_nE9PihPTDIcKTWMn9A2uKLFeDn6KLHXw4Ni0uO', 3);
INSERT INTO bank.request (id, amount, error_url, failed_url, merchant_id, merchant_order_id, merchant_password, merchant_timestamp, payment_id, success_url) VALUES (26, 6, 'https://localhost:8765/pay/error/8493524072', 'https://localhost:8765/pay/failed/8493524072', 'RWUKBtlFRnQqPDdfoOy8sop36Vo', 8493524072, '9ZPHH0VfaqBURrsO4_O1RDR6Q2aaqb5P4pDlW0gs5SrMnYWtvMuQEisPbZOtv5zsB0qSfEJg47I9NUY7', '2020-02-18 16:56:31', 'df42f82d-dbbd-4518-850d-1979debe0a60', 'https://localhost:8765/pay/successful/8493524072');
INSERT INTO bank.request (id, amount, error_url, failed_url, merchant_id, merchant_order_id, merchant_password, merchant_timestamp, payment_id, success_url) VALUES (24, 6, 'https://localhost:8765/pay/error/2746620036', 'https://localhost:8765/pay/failed/2746620036', 'RWUKBtlFRnQqPDdfoOy8sop36Vo', 2746620036, '9ZPHH0VfaqBURrsO4_O1RDR6Q2aaqb5P4pDlW0gs5SrMnYWtvMuQEisPbZOtv5zsB0qSfEJg47I9NUY7', '2020-02-18 15:22:49', '6db33193-de21-46fc-90c4-0154183cb18d', 'https://localhost:8765/pay/successful/2746620036');
INSERT INTO bank.request (id, amount, error_url, failed_url, merchant_id, merchant_order_id, merchant_password, merchant_timestamp, payment_id, success_url) VALUES (25, 6, 'https://localhost:8765/pay/error/3666551079', 'https://localhost:8765/pay/failed/3666551079', 'RWUKBtlFRnQqPDdfoOy8sop36Vo', 3666551079, '9ZPHH0VfaqBURrsO4_O1RDR6Q2aaqb5P4pDlW0gs5SrMnYWtvMuQEisPbZOtv5zsB0qSfEJg47I9NUY7', '2020-02-18 15:22:51', '1a8a027f-3ca8-4d72-8ed2-b69003c6afd5', 'https://localhost:8765/pay/successful/3666551079');
INSERT INTO bank.request (id, amount, error_url, failed_url, merchant_id, merchant_order_id, merchant_password, merchant_timestamp, payment_id, success_url) VALUES (23, 6, 'https://localhost:8765/pay/error/2283535334', 'https://localhost:8765/pay/failed/2283535334', 'RWUKBtlFRnQqPDdfoOy8sop36Vo', 2283535334, '9ZPHH0VfaqBURrsO4_O1RDR6Q2aaqb5P4pDlW0gs5SrMnYWtvMuQEisPbZOtv5zsB0qSfEJg47I9NUY7', '2020-02-17 16:34:20', '58b90489-8903-4ac4-8334-11e2b2f81f04', 'https://localhost:8765/pay/successful/2283535334');
INSERT INTO bank.request (id, amount, error_url, failed_url, merchant_id, merchant_order_id, merchant_password, merchant_timestamp, payment_id, success_url) VALUES (22, 6, 'https://localhost:8765/pay/error/9560129640', 'https://localhost:8765/pay/failed/9560129640', 'RWUKBtlFRnQqPDdfoOy8sop36Vo', 9560129640, '9ZPHH0VfaqBURrsO4_O1RDR6Q2aaqb5P4pDlW0gs5SrMnYWtvMuQEisPbZOtv5zsB0qSfEJg47I9NUY7', '2020-02-17 16:34:14', 'e2ddf44a-95c6-4310-9ef7-9b9e15ebe9a9', 'https://localhost:8765/pay/successful/9560129640');
INSERT INTO bank.request (id, amount, error_url, failed_url, merchant_id, merchant_order_id, merchant_password, merchant_timestamp, payment_id, success_url) VALUES (20, 6, 'https://localhost:8765/pay/error/2123988349', 'https://localhost:8765/pay/failed/2123988349', 'RWUKBtlFRnQqPDdfoOy8sop36Vo', 2123988349, '9ZPHH0VfaqBURrsO4_O1RDR6Q2aaqb5P4pDlW0gs5SrMnYWtvMuQEisPbZOtv5zsB0qSfEJg47I9NUY7', '2020-02-17 01:16:34', 'be8780a3-da42-4b85-8db7-ac620f545316', 'https://localhost:8765/pay/successful/2123988349');
INSERT INTO bank.request (id, amount, error_url, failed_url, merchant_id, merchant_order_id, merchant_password, merchant_timestamp, payment_id, success_url) VALUES (21, 6, 'https://localhost:8765/pay/error/9391129479', 'https://localhost:8765/pay/failed/9391129479', 'RWUKBtlFRnQqPDdfoOy8sop36Vo', 9391129479, '9ZPHH0VfaqBURrsO4_O1RDR6Q2aaqb5P4pDlW0gs5SrMnYWtvMuQEisPbZOtv5zsB0qSfEJg47I9NUY7', '2020-02-17 01:49:33', '9c617bbc-b65f-4bcf-98ef-83867202f548', 'https://localhost:8765/pay/successful/9391129479');
INSERT INTO bank.transaction (id, amount, transaction_date, transaction_id, account_id, request_id, transaction_type_id) VALUES (50, 6, '2020-02-17 01:17:04', 5891627096, 3, 20, 2);
INSERT INTO bank.transaction (id, amount, transaction_date, transaction_id, account_id, request_id, transaction_type_id) VALUES (51, 6, '2020-02-17 01:17:04', 7050651623, 4, 20, 1);
INSERT INTO bank.transaction (id, amount, transaction_date, transaction_id, account_id, request_id, transaction_type_id) VALUES (52, 6, '2020-02-18 16:57:00', 1491777665, 3, 26, 2);
INSERT INTO bank.transaction (id, amount, transaction_date, transaction_id, account_id, request_id, transaction_type_id) VALUES (53, 6, '2020-02-18 16:57:01', 6574903457, 4, 26, 1);
INSERT INTO bank.transaction_type (id, name) VALUES (1, 'CREDIT');
INSERT INTO bank.transaction_type (id, name) VALUES (2, 'DEBIT');
INSERT INTO banksecond.account (id, amount, card_holder_name, card_number, cvv, expiration_date) VALUES (5, 563974, 'Ana Milic', '4062211146650783', '231', '2023-03-01 05:00:00');
INSERT INTO banksecond.account (id, amount, card_holder_name, card_number, cvv, expiration_date) VALUES (6, 46989, 'Nemanja Milankovic', '4062216656489308', '547', '2025-07-01 05:00:00');
INSERT INTO banksecond.account (id, amount, card_holder_name, card_number, cvv, expiration_date) VALUES (7, 55989, 'Nikolina Matic', '4062214192891632', '364', '2021-06-01 05:00:00');
INSERT INTO banksecond.account (id, amount, card_holder_name, card_number, cvv, expiration_date) VALUES (8, 22988, 'Marina Cosic', '4062211743800773', '145', '2021-02-01 05:00:00');
INSERT INTO banksecond.transaction_type (id, name) VALUES (1, 'DEBIT');
INSERT INTO banksecond.transaction_type (id, name) VALUES (2, 'CREDIT');
INSERT INTO bankservice.client (id, client_id, merchant_id, merchant_password) VALUES (4, '_CsfltCDjn-RPgxf6hHEjetUIYQDaMa8gM5hpqE-j2A', 'RWUKBtlFRnQqPDdfoOy8sop36Vo', '9ZPHH0VfaqBURrsO4_O1RDR6Q2aaqb5P4pDlW0gs5SrMnYWtvMuQEisPbZOtv5zsB0qSfEJg47I9NUY7');
INSERT INTO bankservice.client (id, client_id, merchant_id, merchant_password) VALUES (26, 'zQuONszk9jMasM8uas9o_gLXNR24apu3bsBfri35Z_E', '4RjUXoYLT4div_PrNvtEeI353qM', 'rJaJSiqcPAduWjv0XartcRMhQTjhBgPZGSl6SFeHE_nE9PihPTDIcKTWMn9A2uKLFeDn6KLHXw4Ni0uO');
INSERT INTO bankservice.registration_request (id, accessed, client_id, mode, token_id, username) VALUES (1, true, '4XvrSfzdjGrgjtXxU4dhRd3epaDByRo_U-CeSUDSLV4', 'ADD', '005475db-85fe-4687-a4c2-80a1b5a04817', 'jovan');
INSERT INTO bankservice.registration_request (id, accessed, client_id, mode, token_id, username) VALUES (2, true, '4XvrSfzdjGrgjtXxU4dhRd3epaDByRo_U-CeSUDSLV4', 'ADD', '90bd967d-71cf-4ad7-aa6d-aaf2d5362f1f', 'jovan');
INSERT INTO bankservice.registration_request (id, accessed, client_id, mode, token_id, username) VALUES (3, true, '4XvrSfzdjGrgjtXxU4dhRd3epaDByRo_U-CeSUDSLV4', 'ADD', 'e62f77e7-5cd9-4b6b-a69b-3d6821b2e61d', 'jovan');
INSERT INTO bankservice.registration_request (id, accessed, client_id, mode, token_id, username) VALUES (4, false, '4XvrSfzdjGrgjtXxU4dhRd3epaDByRo_U-CeSUDSLV4', 'ADD', 'fd903067-8fcf-4006-b431-37f73c766016', 'jovan');
INSERT INTO bankservice.registration_request (id, accessed, client_id, mode, token_id, username) VALUES (5, true, '4XvrSfzdjGrgjtXxU4dhRd3epaDByRo_U-CeSUDSLV4', 'ADD', 'a84dc9f2-ca27-4175-841f-47dba6b8c527', 'jovan');
INSERT INTO bankservice.registration_request (id, accessed, client_id, mode, token_id, username) VALUES (6, true, 'RllnDkgQVsr_MsmQMHWnHF13-KfzzCYXjWE57D9QtYA', 'ADD', '0aef159e-6c80-470c-ba6c-8824fdd0ce4e', 'jovan');
INSERT INTO bankservice.registration_request (id, accessed, client_id, mode, token_id, username) VALUES (7, true, 'zQuONszk9jMasM8uas9o_gLXNR24apu3bsBfri35Z_E', 'ADD', '4a007e45-dd69-4d0c-a5b1-cde10347455b', 'jovan');
INSERT INTO bankservice.registration_request (id, accessed, client_id, mode, token_id, username) VALUES (8, false, 'zQuONszk9jMasM8uas9o_gLXNR24apu3bsBfri35Z_E', 'ADD', 'dab28924-91ea-43db-9d1a-3390af624277', 'jovan');
INSERT INTO bankservice.registration_request (id, accessed, client_id, mode, token_id, username) VALUES (9, true, 'zQuONszk9jMasM8uas9o_gLXNR24apu3bsBfri35Z_E', 'ADD', 'bd5af5bc-40a6-40b6-9541-4fb5cfc37a6a', 'jovan');
INSERT INTO bankservice.registration_request (id, accessed, client_id, mode, token_id, username) VALUES (10, true, 'zQuONszk9jMasM8uas9o_gLXNR24apu3bsBfri35Z_E', 'ADD', 'fa4c61de-dccd-4b8a-a4a7-1aaf45d9c6cb', 'jovan');
INSERT INTO bankservice.registration_request (id, accessed, client_id, mode, token_id, username) VALUES (11, true, 'zQuONszk9jMasM8uas9o_gLXNR24apu3bsBfri35Z_E', 'SHOW', '20f24a8e-2a52-43c7-88ae-61951ca097fe', 'jovan');
INSERT INTO bankservice.registration_request (id, accessed, client_id, mode, token_id, username) VALUES (12, true, 'zQuONszk9jMasM8uas9o_gLXNR24apu3bsBfri35Z_E', 'SHOW', 'd957d61d-d725-427c-9557-81c650f99908', 'jovan');
INSERT INTO bankservice.registration_request (id, accessed, client_id, mode, token_id, username) VALUES (13, true, 'zQuONszk9jMasM8uas9o_gLXNR24apu3bsBfri35Z_E', 'SHOW', 'fb78aa6e-7031-4a83-b9dc-0666008da3a9', 'jovan');
INSERT INTO bankservice.registration_request (id, accessed, client_id, mode, token_id, username) VALUES (14, true, 'zQuONszk9jMasM8uas9o_gLXNR24apu3bsBfri35Z_E', 'SHOW', 'e439c78c-97cb-44fb-bae6-5d1c5bf09383', 'jovan');
INSERT INTO bankservice.transaction (id, amount, client_id, merchant_order_id, successful, timestamp) VALUES (1, 6, '_CsfltCDjn-RPgxf6hHEjetUIYQDaMa8gM5hpqE-j2A', 2746620036, null, '2020-02-18 14:22:48');
INSERT INTO bankservice.transaction (id, amount, client_id, merchant_order_id, successful, timestamp) VALUES (2, 6, '_CsfltCDjn-RPgxf6hHEjetUIYQDaMa8gM5hpqE-j2A', 3666551079, null, '2020-02-18 14:22:51');
INSERT INTO bankservice.transaction (id, amount, client_id, merchant_order_id, successful, timestamp) VALUES (3, 6, '_CsfltCDjn-RPgxf6hHEjetUIYQDaMa8gM5hpqE-j2A', 8493524072, true, '2020-02-18 15:56:31');
INSERT INTO bitcoin.client (id, bitcoin_token, client_id) VALUES (1, 'WECcB-AFMWrxayZDdW2TLEjSGzmgedR7iBLF9mms', '_CsfltCDjn-RPgxf6hHEjetUIYQDaMa8gM5hpqE-j2A');
INSERT INTO bitcoin.client (id, bitcoin_token, client_id) VALUES (2, 'WgK33s9gQnyTG5rRZB1s7SRZpQru4M6soX3xwUD4', 'bzk9jMkG6sl8hJ7sZmcOO0HbxqDnUw7-E3ttQcBP7Bg');
INSERT INTO bitcoin.client (id, bitcoin_token, client_id) VALUES (3, 'dzyTTTKQ96YSxTudAQiQgCkfN21tNjUdetjKeA25', 'p9gBYdFRUpoLQG-yX0qErDdmCceL-Q5rkfLlzZygdok');
INSERT INTO bitcoin.transaction (id, amount, client_id, merchant_order_id, successful, timestamp) VALUES (1, 11, '_CsfltCDjn-RPgxf6hHEjetUIYQDaMa8gM5hpqE-j2A', '1e9e1ee1-6339-4e57-a43a-0afd62d6d5ba', null, '2020-02-18 20:28:51');
INSERT INTO bitcoin.transaction (id, amount, client_id, merchant_order_id, successful, timestamp) VALUES (2, 11, '_CsfltCDjn-RPgxf6hHEjetUIYQDaMa8gM5hpqE-j2A', '2f56b616-4f6e-490a-8da6-e44801fdad24', true, '2020-02-18 20:28:56');
INSERT INTO bitcoin.transaction (id, amount, client_id, merchant_order_id, successful, timestamp) VALUES (3, 11, '_CsfltCDjn-RPgxf6hHEjetUIYQDaMa8gM5hpqE-j2A', '9ae866ef-903a-4f75-b44e-046504ff4fe5', false, '2020-02-18 20:31:30');
INSERT INTO bitcoin.transaction (id, amount, client_id, merchant_order_id, successful, timestamp) VALUES (4, 11, '_CsfltCDjn-RPgxf6hHEjetUIYQDaMa8gM5hpqE-j2A', '07d2e23b-7fb0-4648-9271-1c2cd0ba43ac', null, '2020-02-18 21:07:15');
INSERT INTO bitcoin.transaction (id, amount, client_id, merchant_order_id, successful, timestamp) VALUES (5, 11, '_CsfltCDjn-RPgxf6hHEjetUIYQDaMa8gM5hpqE-j2A', 'b284a989-3462-4991-b57d-37134a7ab38c', false, '2020-02-18 21:07:15');
INSERT INTO bitcoin.transaction (id, amount, client_id, merchant_order_id, successful, timestamp) VALUES (6, 37, '_CsfltCDjn-RPgxf6hHEjetUIYQDaMa8gM5hpqE-j2A', '55ec8b39-53cf-4fb2-986e-13b4e47d1ae1', null, '2020-02-19 02:01:09');
INSERT INTO bitcoin.transaction (id, amount, client_id, merchant_order_id, successful, timestamp) VALUES (7, 37, '_CsfltCDjn-RPgxf6hHEjetUIYQDaMa8gM5hpqE-j2A', '4b92a585-d281-4561-b722-4c375a58d0fb', true, '2020-02-19 02:01:12');
INSERT INTO naucna_c.magazine (id, issn, name, price, reader_pays) VALUES (1, 'issn1', 'Casopis 1', 20, true);
INSERT INTO naucna_c.magazine (id, issn, name, price, reader_pays) VALUES (2, 'issn2', 'Casopis 2', 22, false);
INSERT INTO naucna_c.magazine (id, issn, name, price, reader_pays) VALUES (3, 'issn3', 'Casopis 3', 37, true);
INSERT INTO naucna_c.magazine (id, issn, name, price, reader_pays) VALUES (4, 'issn4', 'Casopis 4', 50, false);
INSERT INTO naucna_c.magazine (id, issn, name, price, reader_pays) VALUES (5, 'issn5', 'Casopis 5', 11, true);
INSERT INTO naucna_c.magazine (id, issn, name, price, reader_pays) VALUES (6, 'issn6', 'Casopis 6', 12, false);
INSERT INTO naucna_c.magazine (id, issn, name, price, reader_pays) VALUES (7, 'issn7', 'Casopis 7', 15.5, true);
INSERT INTO naucna_c.magazine (id, issn, name, price, reader_pays) VALUES (8, 'issn8', 'Casopis 8', 13, false);
INSERT INTO naucna_c.magazine_scientific_area (magazine_list_id, scientific_area_id) VALUES (1, 1);
INSERT INTO naucna_c.magazine_scientific_area (magazine_list_id, scientific_area_id) VALUES (1, 5);
INSERT INTO naucna_c.magazine_scientific_area (magazine_list_id, scientific_area_id) VALUES (2, 2);
INSERT INTO naucna_c.magazine_scientific_area (magazine_list_id, scientific_area_id) VALUES (3, 1);
INSERT INTO naucna_c.magazine_scientific_area (magazine_list_id, scientific_area_id) VALUES (3, 4);
INSERT INTO naucna_c.magazine_scientific_area (magazine_list_id, scientific_area_id) VALUES (4, 2);
INSERT INTO naucna_c.magazine_scientific_area (magazine_list_id, scientific_area_id) VALUES (4, 5);
INSERT INTO naucna_c.magazine_scientific_area (magazine_list_id, scientific_area_id) VALUES (5, 5);
INSERT INTO naucna_c.magazine_scientific_area (magazine_list_id, scientific_area_id) VALUES (6, 3);
INSERT INTO naucna_c.magazine_scientific_area (magazine_list_id, scientific_area_id) VALUES (6, 1);
INSERT INTO naucna_c.magazine_scientific_area (magazine_list_id, scientific_area_id) VALUES (7, 1);
INSERT INTO naucna_c.magazine_scientific_area (magazine_list_id, scientific_area_id) VALUES (8, 4);
INSERT INTO naucna_c.publication (id, description, no, price, title, magazine_id) VALUES (1, 'Ovo je description od izdanja 1', 1, 5, 'Necete verovati sta se desilo!', 1);
INSERT INTO naucna_c.publication (id, description, no, price, title, magazine_id) VALUES (2, 'Ovo je description od izdanja 2', 2, 6, 'Necete verovati sta se opet desilo!', 1);
INSERT INTO naucna_c.publication_readers (purchased_id, readers_id) VALUES (1, 2);
INSERT INTO naucna_c.publication_readers (purchased_id, readers_id) VALUES (2, 2);
INSERT INTO naucna_c.role (id, name) VALUES (1, 'ROLE_USER');
INSERT INTO naucna_c.scentific_area (id, name) VALUES (1, 'Area 1');
INSERT INTO naucna_c.scentific_area (id, name) VALUES (2, 'Area 2');
INSERT INTO naucna_c.scentific_area (id, name) VALUES (3, 'Area 3');
INSERT INTO naucna_c.scentific_area (id, name) VALUES (4, 'Area 4');
INSERT INTO naucna_c.scentific_area (id, name) VALUES (5, 'Area 5');
INSERT INTO naucna_c.scentific_area (id, name) VALUES (6, 'Area 6');
INSERT INTO naucna_c.transaction (id, amount, ip_address, success, timestamp, token, username, magazine_id) VALUES (1, 20, '127.0.0.1', null, '2020-02-19 00:31:17', null, 'mihajlo', null);
INSERT INTO naucna_c.transaction (id, amount, ip_address, success, timestamp, token, username, magazine_id) VALUES (2, 20, '127.0.0.1', null, '2020-02-19 00:31:26', null, 'mihajlo', 1);
INSERT INTO naucna_c.transaction (id, amount, ip_address, success, timestamp, token, username, magazine_id) VALUES (3, 11, '127.0.0.1', 'successful', '2020-02-19 00:35:27', '8ffb2954-e376-4d78-9259-ec1cfa1d3bd9', 'mihajlo', null);
INSERT INTO naucna_c.transaction (id, amount, ip_address, success, timestamp, token, username, magazine_id) VALUES (4, 20, '127.0.0.1', null, '2020-02-19 00:37:31', null, 'mihajlo', 1);
INSERT INTO naucna_c.transaction (id, amount, ip_address, success, timestamp, token, username, magazine_id) VALUES (5, 20, '127.0.0.1', 'successful', '2020-02-19 00:52:14', '507de0d1-f888-4752-a2a3-90ba03a0e4eb', 'mihajlo', 1);
INSERT INTO naucna_c.transaction (id, amount, ip_address, success, timestamp, token, username, magazine_id) VALUES (6, 20, '127.0.0.1', null, '2020-02-19 01:22:39', null, 'mihajlo', null);
INSERT INTO naucna_c.transaction (id, amount, ip_address, success, timestamp, token, username, magazine_id) VALUES (7, 20, '127.0.0.1', null, '2020-02-19 01:22:46', 'af47ebb6-12cc-439b-9c7c-5576d6436088', 'mihajlo', 1);
INSERT INTO naucna_c.transaction (id, amount, ip_address, success, timestamp, token, username, magazine_id) VALUES (8, 5, '127.0.0.1', 'failed', '2020-02-19 01:33:03', '938fa22e-3c53-4256-87eb-1666776ece38', 'mihajlo', null);
INSERT INTO naucna_c.transaction (id, amount, ip_address, success, timestamp, token, username, magazine_id) VALUES (9, 5, '127.0.0.1', 'successful', '2020-02-19 01:54:46', '6fe0e871-6f09-4595-9bb6-216958ded161', 'mihajlo', null);
INSERT INTO naucna_c.transaction (id, amount, ip_address, success, timestamp, token, username, magazine_id) VALUES (10, 37, '127.0.0.1', 'successful', '2020-02-19 02:00:55', '0172f65c-0a55-4f3a-a1b4-cbe709cebcf8', 'mihajlo', 3);
INSERT INTO naucna_c.transaction_publication_list (transaction_id, publication_id) VALUES (3, 1);
INSERT INTO naucna_c.transaction_publication_list (transaction_id, publication_id) VALUES (3, 2);
INSERT INTO naucna_c.transaction_publication_list (transaction_id, publication_id) VALUES (8, 1);
INSERT INTO naucna_c.transaction_publication_list (transaction_id, publication_id) VALUES (9, 1);
INSERT INTO naucna_c.user (id, city, country, email, first_name, is_enabled, is_verified, last_name, last_password_reset_date, password, title, username) VALUES (1, 'Novi Sad', 'Serbia', 'vmosorinski@gmail.com', 'Veljko', true, true, 'Mosorinski', null, '$2a$10$sdS4tyjj41yuxYrSwQUYIeT1dOlvcBxWA8COUEYzDM18bs6.kj5Xe', 'Dipl. ing', 'veljko');
INSERT INTO naucna_c.user (id, city, country, email, first_name, is_enabled, is_verified, last_name, last_password_reset_date, password, title, username) VALUES (2, 'Novi Sad', 'Serbia', 'mihajlol@gmail.com', 'Mihajlo', true, true, 'Levarski', null, '$2a$10$zUOD59wuEsBFSBzRLVr.eO3XNGhcz9.EeIm24WddRAxE6eIjueESS', 'Dipl. ing', 'mihajlo');
INSERT INTO naucna_c.user (id, city, country, email, first_name, is_enabled, is_verified, last_name, last_password_reset_date, password, title, username) VALUES (3, 'Novi Sad', 'Serbia', 'milicamat@gmail.com', 'Milica', true, true, 'Matijevic', null, '$2a$10$wn2wzdZS2Ffrcx75OTRnye/j3VebFZomzxBJisL/0w3rdPJtYVih2', 'Dipl. ing', 'milica');
INSERT INTO naucna_c.user (id, city, country, email, first_name, is_enabled, is_verified, last_name, last_password_reset_date, password, title, username) VALUES (4, 'Belgrade', 'Serbia', 'djordjej@gmail.com', 'Djordje', true, true, 'Jovanovic', null, '$2a$10$hveZzwUYFsUwjnM/Ske/VeWEOkY0k/jwrw/DDRdnaOBDRIvztNjmm', 'Dipl. ing', 'djordje');
INSERT INTO naucna_c.user (id, city, country, email, first_name, is_enabled, is_verified, last_name, last_password_reset_date, password, title, username) VALUES (5, 'Nis', 'Serbia', 'peraperic@gmail.com', 'Petar', true, true, 'Peric', null, '$2a$10$9E7q3MXImIxCwFJj8dlkuOlEZDEHp2OovmJfolHeiot/VGD1MyzpG', 'Dipl. ing', 'petar');
INSERT INTO naucna_c.user (id, city, country, email, first_name, is_enabled, is_verified, last_name, last_password_reset_date, password, title, username) VALUES (6, 'Kragujevac', 'Serbia', 'jmarkovic@gmail.com', 'Jovan', true, true, 'Markovic', null, '$2a$10$gN0RvhS0HOqPXuuWWCDkWexm1gWxxGsjcQT.zVrhVIuw3LREfWVdi', 'Srednjoskolac', 'jovan');
INSERT INTO naucna_c.user (id, city, country, email, first_name, is_enabled, is_verified, last_name, last_password_reset_date, password, title, username) VALUES (7, 'Jagodina', 'Serbia', 'lmartinovic@gmail.com', 'Lea', true, true, 'Martinovic', null, '$2a$10$uabDAg80c3Jd6uFAoTMfR.LzOrih5DXy3X.s4tTEwjhqozh/QiiKq', 'Hemicar', 'lea');
INSERT INTO naucna_c.user (id, city, country, email, first_name, is_enabled, is_verified, last_name, last_password_reset_date, password, title, username) VALUES (8, 'Novi Sad', 'Serbia', 'd1547450@urhen.com', 'Nikola', true, true, 'Nikolic', null, '$2a$10$Aa/rpEZEyIgIByoeNxxZOOF.GyC0MYTHrXOOTMaVMppVOKX33VQ0i', null, 'nikola');
INSERT INTO naucna_c.user_magazine_redactor (redactors_id, magazine_redactor_id) VALUES (1, 1);
INSERT INTO naucna_c.user_magazine_redactor (redactors_id, magazine_redactor_id) VALUES (2, 1);
INSERT INTO naucna_c.user_magazine_redactor (redactors_id, magazine_redactor_id) VALUES (3, 2);
INSERT INTO naucna_c.user_magazine_redactor (redactors_id, magazine_redactor_id) VALUES (5, 2);
INSERT INTO naucna_c.user_magazine_reviewer (reviewer_id, magazine_reviewer_id) VALUES (3, 1);
INSERT INTO naucna_c.user_magazine_reviewer (reviewer_id, magazine_reviewer_id) VALUES (4, 1);
INSERT INTO naucna_c.user_magazine_reviewer (reviewer_id, magazine_reviewer_id) VALUES (1, 2);
INSERT INTO naucna_c.user_magazine_reviewer (reviewer_id, magazine_reviewer_id) VALUES (2, 2);
INSERT INTO naucna_c.user_roles (user_id, role_id) VALUES (1, 1);
INSERT INTO naucna_c.user_roles (user_id, role_id) VALUES (2, 1);
INSERT INTO naucna_c.user_roles (user_id, role_id) VALUES (3, 1);
INSERT INTO naucna_c.user_roles (user_id, role_id) VALUES (4, 1);
INSERT INTO naucna_c.user_roles (user_id, role_id) VALUES (5, 1);
INSERT INTO naucna_c.user_roles (user_id, role_id) VALUES (6, 1);
INSERT INTO naucna_c.user_roles (user_id, role_id) VALUES (7, 1);
INSERT INTO naucna_c.user_roles (user_id, role_id) VALUES (8, 1);
INSERT INTO naucna_c.user_subscriptions (readers_id, subscriptions_id) VALUES (2, 1);
INSERT INTO naucna_c.user_subscriptions (readers_id, subscriptions_id) VALUES (2, 3);
INSERT INTO naucna_c_second.magazine (id, issn, name, price, reader_pays) VALUES (1, 'issn9', 'Casopis 9', 21, true);
INSERT INTO naucna_c_second.magazine (id, issn, name, price, reader_pays) VALUES (2, 'issn10', 'Casopis 10', 20, false);
INSERT INTO naucna_c_second.magazine (id, issn, name, price, reader_pays) VALUES (3, 'issn11', 'Casopis 11', 37, true);
INSERT INTO naucna_c_second.magazine (id, issn, name, price, reader_pays) VALUES (4, 'issn12', 'Casopis 12', 50, false);
INSERT INTO naucna_c_second.magazine (id, issn, name, price, reader_pays) VALUES (5, 'issn13', 'Casopis 13', 10, true);
INSERT INTO naucna_c_second.magazine (id, issn, name, price, reader_pays) VALUES (6, 'issn14', 'Casopis 14', 11, false);
INSERT INTO naucna_c_second.magazine (id, issn, name, price, reader_pays) VALUES (7, 'issn15', 'Casopis 15', 10.5, true);
INSERT INTO naucna_c_second.magazine (id, issn, name, price, reader_pays) VALUES (8, 'issn16', 'Casopis 16', 12, false);
INSERT INTO naucna_c_second.magazine_scientific_area (magazine_list_id, scientific_area_id) VALUES (1, 1);
INSERT INTO naucna_c_second.magazine_scientific_area (magazine_list_id, scientific_area_id) VALUES (1, 5);
INSERT INTO naucna_c_second.magazine_scientific_area (magazine_list_id, scientific_area_id) VALUES (2, 2);
INSERT INTO naucna_c_second.magazine_scientific_area (magazine_list_id, scientific_area_id) VALUES (3, 1);
INSERT INTO naucna_c_second.magazine_scientific_area (magazine_list_id, scientific_area_id) VALUES (3, 4);
INSERT INTO naucna_c_second.magazine_scientific_area (magazine_list_id, scientific_area_id) VALUES (4, 2);
INSERT INTO naucna_c_second.magazine_scientific_area (magazine_list_id, scientific_area_id) VALUES (4, 5);
INSERT INTO naucna_c_second.magazine_scientific_area (magazine_list_id, scientific_area_id) VALUES (5, 5);
INSERT INTO naucna_c_second.magazine_scientific_area (magazine_list_id, scientific_area_id) VALUES (6, 3);
INSERT INTO naucna_c_second.magazine_scientific_area (magazine_list_id, scientific_area_id) VALUES (6, 1);
INSERT INTO naucna_c_second.magazine_scientific_area (magazine_list_id, scientific_area_id) VALUES (7, 1);
INSERT INTO naucna_c_second.magazine_scientific_area (magazine_list_id, scientific_area_id) VALUES (8, 4);
INSERT INTO naucna_c_second.publication (id, description, no, price, title, magazine_id) VALUES (1, 'Ovo je description od izdanja 1', 1, 5, 'Necete verovati sta se desilo!', 1);
INSERT INTO naucna_c_second.publication (id, description, no, price, title, magazine_id) VALUES (2, 'Ovo je description od izdanja 2', 2, 6, 'Necete verovati sta se opet desilo!', 1);
INSERT INTO naucna_c_second.publication_readers (purchased_id, readers_id) VALUES (1, 3);
INSERT INTO naucna_c_second.role (id, name) VALUES (1, 'ROLE_USER');
INSERT INTO naucna_c_second.scentific_area (id, name) VALUES (1, 'Area 1');
INSERT INTO naucna_c_second.scentific_area (id, name) VALUES (2, 'Area 2');
INSERT INTO naucna_c_second.scentific_area (id, name) VALUES (3, 'Area 3');
INSERT INTO naucna_c_second.scentific_area (id, name) VALUES (4, 'Area 4');
INSERT INTO naucna_c_second.scentific_area (id, name) VALUES (5, 'Area 5');
INSERT INTO naucna_c_second.scentific_area (id, name) VALUES (6, 'Area 6');
INSERT INTO naucna_c_second.transaction (id, amount, ip_address, success, timestamp, token, username, magazine_id) VALUES (1, 6, '127.0.0.1', null, '2020-02-18 22:10:42', 'bf7d7194-4f53-489e-9a13-86e65aab18c5', 'mihajlo', null);
INSERT INTO naucna_c_second.transaction (id, amount, ip_address, success, timestamp, token, username, magazine_id) VALUES (2, 11, '127.0.0.1', null, '2020-02-18 23:24:41', null, 'milica', null);
INSERT INTO naucna_c_second.transaction (id, amount, ip_address, success, timestamp, token, username, magazine_id) VALUES (3, 21, '127.0.0.1', null, '2020-02-18 23:26:03', null, 'milica', 1);
INSERT INTO naucna_c_second.transaction (id, amount, ip_address, success, timestamp, token, username, magazine_id) VALUES (4, 5, '127.0.0.1', null, '2020-02-18 23:44:43', '907fd2c1-46bd-4c58-a30f-77db55298e4e', 'milica', null);
INSERT INTO naucna_c_second.transaction (id, amount, ip_address, success, timestamp, token, username, magazine_id) VALUES (5, 21, '127.0.0.1', null, '2020-02-19 01:01:35', null, 'milica', null);
INSERT INTO naucna_c_second.transaction (id, amount, ip_address, success, timestamp, token, username, magazine_id) VALUES (6, 21, '127.0.0.1', null, '2020-02-19 01:01:51', 'dc1443f2-2ac1-49a2-90a7-a207366bf0d7', 'milica', 1);
INSERT INTO naucna_c_second.transaction (id, amount, ip_address, success, timestamp, token, username, magazine_id) VALUES (7, 5, '127.0.0.1', null, '2020-02-19 01:05:52', '83e4f305-d346-4faa-bc90-76db63439d82', 'milica', null);
INSERT INTO naucna_c_second.transaction (id, amount, ip_address, success, timestamp, token, username, magazine_id) VALUES (8, 5, '127.0.0.1', null, '2020-02-19 01:20:52', null, 'milica', null);
INSERT INTO naucna_c_second.transaction (id, amount, ip_address, success, timestamp, token, username, magazine_id) VALUES (9, 5, '127.0.0.1', null, '2020-02-19 01:48:53', '54ebb4b9-15b5-4e12-8c84-9273ea1cd4b1', 'milica', null);
INSERT INTO naucna_c_second.transaction (id, amount, ip_address, success, timestamp, token, username, magazine_id) VALUES (10, 5, '127.0.0.1', 'successful', '2020-02-19 01:53:07', '4fe6b7d4-92a7-4b5e-91ba-1aeaccf6b414', 'milica', null);
INSERT INTO naucna_c_second.transaction_publication_list (transaction_id, publication_id) VALUES (1, 2);
INSERT INTO naucna_c_second.transaction_publication_list (transaction_id, publication_id) VALUES (2, 1);
INSERT INTO naucna_c_second.transaction_publication_list (transaction_id, publication_id) VALUES (2, 2);
INSERT INTO naucna_c_second.transaction_publication_list (transaction_id, publication_id) VALUES (4, 1);
INSERT INTO naucna_c_second.transaction_publication_list (transaction_id, publication_id) VALUES (7, 1);
INSERT INTO naucna_c_second.transaction_publication_list (transaction_id, publication_id) VALUES (8, 1);
INSERT INTO naucna_c_second.transaction_publication_list (transaction_id, publication_id) VALUES (9, 1);
INSERT INTO naucna_c_second.transaction_publication_list (transaction_id, publication_id) VALUES (10, 1);
INSERT INTO naucna_c_second.user (id, city, country, email, first_name, is_enabled, is_verified, last_name, last_password_reset_date, password, title, username) VALUES (1, 'Novi Sad', 'Serbia', 'vmosorinski@gmail.com', 'Veljko', true, true, 'Mosorinski', null, '$2a$10$sdS4tyjj41yuxYrSwQUYIeT1dOlvcBxWA8COUEYzDM18bs6.kj5Xe', 'Dipl. ing', 'veljko');
INSERT INTO naucna_c_second.user (id, city, country, email, first_name, is_enabled, is_verified, last_name, last_password_reset_date, password, title, username) VALUES (2, 'Novi Sad', 'Serbia', 'mihajlol@gmail.com', 'Mihajlo', true, true, 'Levarski', null, '$2a$10$zUOD59wuEsBFSBzRLVr.eO3XNGhcz9.EeIm24WddRAxE6eIjueESS', 'Dipl. ing', 'mihajlo');
INSERT INTO naucna_c_second.user (id, city, country, email, first_name, is_enabled, is_verified, last_name, last_password_reset_date, password, title, username) VALUES (3, 'Novi Sad', 'Serbia', 'milicamat@gmail.com', 'Milica', true, true, 'Matijevic', null, '$2a$10$wn2wzdZS2Ffrcx75OTRnye/j3VebFZomzxBJisL/0w3rdPJtYVih2', 'Dipl. ing', 'milica');
INSERT INTO naucna_c_second.user (id, city, country, email, first_name, is_enabled, is_verified, last_name, last_password_reset_date, password, title, username) VALUES (4, 'Belgrade', 'Serbia', 'djordjej@gmail.com', 'Djordje', true, true, 'Jovanovic', null, '$2a$10$hveZzwUYFsUwjnM/Ske/VeWEOkY0k/jwrw/DDRdnaOBDRIvztNjmm', 'Dipl. ing', 'djordje');
INSERT INTO naucna_c_second.user (id, city, country, email, first_name, is_enabled, is_verified, last_name, last_password_reset_date, password, title, username) VALUES (5, 'Nis', 'Serbia', 'peraperic@gmail.com', 'Petar', true, true, 'Peric', null, '$2a$10$9E7q3MXImIxCwFJj8dlkuOlEZDEHp2OovmJfolHeiot/VGD1MyzpG', 'Dipl. ing', 'petar');
INSERT INTO naucna_c_second.user (id, city, country, email, first_name, is_enabled, is_verified, last_name, last_password_reset_date, password, title, username) VALUES (6, 'Kragujevac', 'Serbia', 'jmarkovic@gmail.com', 'Jovan', true, true, 'Markovic', null, '$2a$10$gN0RvhS0HOqPXuuWWCDkWexm1gWxxGsjcQT.zVrhVIuw3LREfWVdi', 'Srednjoskolac', 'jovan');
INSERT INTO naucna_c_second.user (id, city, country, email, first_name, is_enabled, is_verified, last_name, last_password_reset_date, password, title, username) VALUES (7, 'Jagodina', 'Serbia', 'lmartinovic@gmail.com', 'Lea', true, true, 'Martinovic', null, '$2a$10$uabDAg80c3Jd6uFAoTMfR.LzOrih5DXy3X.s4tTEwjhqozh/QiiKq', 'Hemicar', 'lea');
INSERT INTO naucna_c_second.user (id, city, country, email, first_name, is_enabled, is_verified, last_name, last_password_reset_date, password, title, username) VALUES (8, 'Novi Sad', 'Serbia', 'd1547450@urhen.com', 'Nikola', true, true, 'Nikolic', null, '$2a$10$Aa/rpEZEyIgIByoeNxxZOOF.GyC0MYTHrXOOTMaVMppVOKX33VQ0i', null, 'nikola');
INSERT INTO naucna_c_second.user_magazine_redactor (redactors_id, magazine_redactor_id) VALUES (1, 1);
INSERT INTO naucna_c_second.user_magazine_redactor (redactors_id, magazine_redactor_id) VALUES (2, 1);
INSERT INTO naucna_c_second.user_magazine_redactor (redactors_id, magazine_redactor_id) VALUES (3, 2);
INSERT INTO naucna_c_second.user_magazine_redactor (redactors_id, magazine_redactor_id) VALUES (5, 2);
INSERT INTO naucna_c_second.user_magazine_reviewer (reviewer_id, magazine_reviewer_id) VALUES (3, 1);
INSERT INTO naucna_c_second.user_magazine_reviewer (reviewer_id, magazine_reviewer_id) VALUES (4, 1);
INSERT INTO naucna_c_second.user_magazine_reviewer (reviewer_id, magazine_reviewer_id) VALUES (1, 2);
INSERT INTO naucna_c_second.user_magazine_reviewer (reviewer_id, magazine_reviewer_id) VALUES (2, 2);
INSERT INTO naucna_c_second.user_roles (user_id, role_id) VALUES (1, 1);
INSERT INTO naucna_c_second.user_roles (user_id, role_id) VALUES (2, 1);
INSERT INTO naucna_c_second.user_roles (user_id, role_id) VALUES (3, 1);
INSERT INTO naucna_c_second.user_roles (user_id, role_id) VALUES (4, 1);
INSERT INTO naucna_c_second.user_roles (user_id, role_id) VALUES (5, 1);
INSERT INTO naucna_c_second.user_roles (user_id, role_id) VALUES (6, 1);
INSERT INTO naucna_c_second.user_roles (user_id, role_id) VALUES (7, 1);
INSERT INTO naucna_c_second.user_roles (user_id, role_id) VALUES (8, 1);
INSERT INTO naucna_c_third.magazine (id, issn, name, price, reader_pays) VALUES (1, 'issn17', 'Casopis 17', 21, true);
INSERT INTO naucna_c_third.magazine (id, issn, name, price, reader_pays) VALUES (2, 'issn18', 'Casopis 18', 22, false);
INSERT INTO naucna_c_third.magazine (id, issn, name, price, reader_pays) VALUES (3, 'issn19', 'Casopis 19', 39, true);
INSERT INTO naucna_c_third.magazine (id, issn, name, price, reader_pays) VALUES (4, 'issn20', 'Casopis 20', 19, false);
INSERT INTO naucna_c_third.magazine (id, issn, name, price, reader_pays) VALUES (5, 'issn21', 'Casopis 21', 10, true);
INSERT INTO naucna_c_third.magazine (id, issn, name, price, reader_pays) VALUES (6, 'issn22', 'Casopis 22', 11, false);
INSERT INTO naucna_c_third.magazine (id, issn, name, price, reader_pays) VALUES (7, 'issn23', 'Casopis 23', 10.5, true);
INSERT INTO naucna_c_third.magazine (id, issn, name, price, reader_pays) VALUES (8, 'issn24', 'Casopis 24', 12, false);
INSERT INTO naucna_c_third.magazine_scientific_area (magazine_list_id, scientific_area_id) VALUES (1, 1);
INSERT INTO naucna_c_third.magazine_scientific_area (magazine_list_id, scientific_area_id) VALUES (1, 5);
INSERT INTO naucna_c_third.magazine_scientific_area (magazine_list_id, scientific_area_id) VALUES (2, 2);
INSERT INTO naucna_c_third.magazine_scientific_area (magazine_list_id, scientific_area_id) VALUES (3, 1);
INSERT INTO naucna_c_third.magazine_scientific_area (magazine_list_id, scientific_area_id) VALUES (3, 4);
INSERT INTO naucna_c_third.magazine_scientific_area (magazine_list_id, scientific_area_id) VALUES (4, 2);
INSERT INTO naucna_c_third.magazine_scientific_area (magazine_list_id, scientific_area_id) VALUES (4, 5);
INSERT INTO naucna_c_third.magazine_scientific_area (magazine_list_id, scientific_area_id) VALUES (5, 5);
INSERT INTO naucna_c_third.magazine_scientific_area (magazine_list_id, scientific_area_id) VALUES (6, 3);
INSERT INTO naucna_c_third.magazine_scientific_area (magazine_list_id, scientific_area_id) VALUES (6, 1);
INSERT INTO naucna_c_third.magazine_scientific_area (magazine_list_id, scientific_area_id) VALUES (7, 1);
INSERT INTO naucna_c_third.magazine_scientific_area (magazine_list_id, scientific_area_id) VALUES (8, 4);
INSERT INTO naucna_c_third.publication (id, description, no, price, title, magazine_id) VALUES (1, 'Ovo je description od izdanja 1', 1, 5, 'Necete verovati sta se desilo!', 1);
INSERT INTO naucna_c_third.publication (id, description, no, price, title, magazine_id) VALUES (2, 'Ovo je description od izdanja 2', 2, 6, 'Necete verovati sta se opet desilo!', 1);
INSERT INTO naucna_c_third.publication_readers (purchased_id, readers_id) VALUES (1, 3);
INSERT INTO naucna_c_third.publication_readers (purchased_id, readers_id) VALUES (2, 3);
INSERT INTO naucna_c_third.role (id, name) VALUES (1, 'ROLE_USER');
INSERT INTO naucna_c_third.scentific_area (id, name) VALUES (1, 'Area 1');
INSERT INTO naucna_c_third.scentific_area (id, name) VALUES (2, 'Area 2');
INSERT INTO naucna_c_third.scentific_area (id, name) VALUES (3, 'Area 3');
INSERT INTO naucna_c_third.scentific_area (id, name) VALUES (4, 'Area 4');
INSERT INTO naucna_c_third.scentific_area (id, name) VALUES (5, 'Area 5');
INSERT INTO naucna_c_third.scentific_area (id, name) VALUES (6, 'Area 6');
INSERT INTO naucna_c_third.transaction (id, amount, ip_address, success, timestamp, token, username, magazine_id) VALUES (1, 5, '127.0.0.1', null, '2020-02-19 01:28:36', null, 'milica', null);
INSERT INTO naucna_c_third.transaction (id, amount, ip_address, success, timestamp, token, username, magazine_id) VALUES (2, 21, '127.0.0.1', 'successful', '2020-02-19 01:33:19', '3ccaa701-86ae-4d6a-b801-a53696487997', 'milica', 1);
INSERT INTO naucna_c_third.transaction (id, amount, ip_address, success, timestamp, token, username, magazine_id) VALUES (3, 11, '127.0.0.1', 'successful', '2020-02-19 01:45:02', '06735219-f0a4-4cbc-9f5f-629744b858d0', 'milica', null);
INSERT INTO naucna_c_third.transaction_publication_list (transaction_id, publication_id) VALUES (1, 1);
INSERT INTO naucna_c_third.transaction_publication_list (transaction_id, publication_id) VALUES (3, 1);
INSERT INTO naucna_c_third.transaction_publication_list (transaction_id, publication_id) VALUES (3, 2);
INSERT INTO naucna_c_third.user (id, city, country, email, first_name, is_enabled, is_verified, last_name, last_password_reset_date, password, title, username) VALUES (1, 'Novi Sad', 'Serbia', 'vmosorinski@gmail.com', 'Veljko', true, true, 'Mosorinski', null, '$2a$10$sdS4tyjj41yuxYrSwQUYIeT1dOlvcBxWA8COUEYzDM18bs6.kj5Xe', 'Dipl. ing', 'veljko');
INSERT INTO naucna_c_third.user (id, city, country, email, first_name, is_enabled, is_verified, last_name, last_password_reset_date, password, title, username) VALUES (2, 'Novi Sad', 'Serbia', 'mihajlol@gmail.com', 'Mihajlo', true, true, 'Levarski', null, '$2a$10$zUOD59wuEsBFSBzRLVr.eO3XNGhcz9.EeIm24WddRAxE6eIjueESS', 'Dipl. ing', 'mihajlo');
INSERT INTO naucna_c_third.user (id, city, country, email, first_name, is_enabled, is_verified, last_name, last_password_reset_date, password, title, username) VALUES (3, 'Novi Sad', 'Serbia', 'milicamat@gmail.com', 'Milica', true, true, 'Matijevic', null, '$2a$10$wn2wzdZS2Ffrcx75OTRnye/j3VebFZomzxBJisL/0w3rdPJtYVih2', 'Dipl. ing', 'milica');
INSERT INTO naucna_c_third.user (id, city, country, email, first_name, is_enabled, is_verified, last_name, last_password_reset_date, password, title, username) VALUES (4, 'Belgrade', 'Serbia', 'djordjej@gmail.com', 'Djordje', true, true, 'Jovanovic', null, '$2a$10$hveZzwUYFsUwjnM/Ske/VeWEOkY0k/jwrw/DDRdnaOBDRIvztNjmm', 'Dipl. ing', 'djordje');
INSERT INTO naucna_c_third.user (id, city, country, email, first_name, is_enabled, is_verified, last_name, last_password_reset_date, password, title, username) VALUES (5, 'Nis', 'Serbia', 'peraperic@gmail.com', 'Petar', true, true, 'Peric', null, '$2a$10$9E7q3MXImIxCwFJj8dlkuOlEZDEHp2OovmJfolHeiot/VGD1MyzpG', 'Dipl. ing', 'petar');
INSERT INTO naucna_c_third.user (id, city, country, email, first_name, is_enabled, is_verified, last_name, last_password_reset_date, password, title, username) VALUES (6, 'Kragujevac', 'Serbia', 'jmarkovic@gmail.com', 'Jovan', true, true, 'Markovic', null, '$2a$10$gN0RvhS0HOqPXuuWWCDkWexm1gWxxGsjcQT.zVrhVIuw3LREfWVdi', 'Srednjoskolac', 'jovan');
INSERT INTO naucna_c_third.user (id, city, country, email, first_name, is_enabled, is_verified, last_name, last_password_reset_date, password, title, username) VALUES (7, 'Jagodina', 'Serbia', 'lmartinovic@gmail.com', 'Lea', true, true, 'Martinovic', null, '$2a$10$uabDAg80c3Jd6uFAoTMfR.LzOrih5DXy3X.s4tTEwjhqozh/QiiKq', 'Hemicar', 'lea');
INSERT INTO naucna_c_third.user (id, city, country, email, first_name, is_enabled, is_verified, last_name, last_password_reset_date, password, title, username) VALUES (8, 'Novi Sad', 'Serbia', 'd1547450@urhen.com', 'Nikola', true, true, 'Nikolic', null, '$2a$10$Aa/rpEZEyIgIByoeNxxZOOF.GyC0MYTHrXOOTMaVMppVOKX33VQ0i', null, 'nikola');
INSERT INTO naucna_c_third.user_magazine_redactor (redactors_id, magazine_redactor_id) VALUES (1, 1);
INSERT INTO naucna_c_third.user_magazine_redactor (redactors_id, magazine_redactor_id) VALUES (2, 1);
INSERT INTO naucna_c_third.user_magazine_redactor (redactors_id, magazine_redactor_id) VALUES (3, 2);
INSERT INTO naucna_c_third.user_magazine_redactor (redactors_id, magazine_redactor_id) VALUES (5, 2);
INSERT INTO naucna_c_third.user_magazine_reviewer (reviewer_id, magazine_reviewer_id) VALUES (3, 1);
INSERT INTO naucna_c_third.user_magazine_reviewer (reviewer_id, magazine_reviewer_id) VALUES (4, 1);
INSERT INTO naucna_c_third.user_magazine_reviewer (reviewer_id, magazine_reviewer_id) VALUES (1, 2);
INSERT INTO naucna_c_third.user_magazine_reviewer (reviewer_id, magazine_reviewer_id) VALUES (2, 2);
INSERT INTO naucna_c_third.user_roles (user_id, role_id) VALUES (1, 1);
INSERT INTO naucna_c_third.user_roles (user_id, role_id) VALUES (2, 1);
INSERT INTO naucna_c_third.user_roles (user_id, role_id) VALUES (3, 1);
INSERT INTO naucna_c_third.user_roles (user_id, role_id) VALUES (4, 1);
INSERT INTO naucna_c_third.user_roles (user_id, role_id) VALUES (5, 1);
INSERT INTO naucna_c_third.user_roles (user_id, role_id) VALUES (6, 1);
INSERT INTO naucna_c_third.user_roles (user_id, role_id) VALUES (7, 1);
INSERT INTO naucna_c_third.user_roles (user_id, role_id) VALUES (8, 1);
INSERT INTO naucna_c_third.user_subscriptions (readers_id, subscriptions_id) VALUES (3, 1);
INSERT INTO paypal.client (id, client_id, paypal_client_id, paypal_secret) VALUES (2, '_CsfltCDjn-RPgxf6hHEjetUIYQDaMa8gM5hpqE-j2A', 'AXE6nwbFJdIYeRgHs-Knkw3_nsKYcBWR8EmJ7l9B9_FQArhfgtmNi7xclaZgwVvPYZHba6uFy6ld0aUg', 'EPIM7UrfTtHBhfJMi6nvWAYoJnk_BZ5FMwLtUQaqE0wBWS2U9a8mmVbqtIY2GO6HdNKK8t5rmiAkf_DK');
INSERT INTO paypal.client (id, client_id, paypal_client_id, paypal_secret) VALUES (13, 'bzk9jMkG6sl8hJ7sZmcOO0HbxqDnUw7-E3ttQcBP7Bg', 'ATqdH88-xto8vKYijKNY4fV5VWzcl8Jzb_YB64Ougf4WgZSYHsUcgV7sQD58_MqS9ndzX5dIzGdozI_X', 'EMDV6coOnmOmkx0WnBOQNzyxpXR6b3RVMzBkR_dtVs7MO2dPaQdvmYrL5hlkymTJhDkCT_jecNBdJGlf');
INSERT INTO paypal.client (id, client_id, paypal_client_id, paypal_secret) VALUES (14, 'p9gBYdFRUpoLQG-yX0qErDdmCceL-Q5rkfLlzZygdok', 'Aa3cxGNM38_fcY5Tj0oWQvLmi7R-BtCmL7MVU7o38FXVNTax_xHKXNRof0CZormSuzt3-XHV3LbcobLo', 'EFrKd7gkiLtkt00ZHTuLoLTuc5-7JiYNAVBzLxFZ9efCfXPFSZ6k3GI6iDNmSJJ0aHkIUJ7j8lwmsNcs');
INSERT INTO paypal.registration_request (id, accessed, client_id, mode, token_id, username) VALUES (1, false, '_CsfltCDjn-RPgxf6hHEjetUIYQDaMa8gM5hpqE-j2A', 'ADD', 'd05ed0bc-9233-4b2d-a800-31a0c380b7d8', 'marko');
INSERT INTO paypal.registration_request (id, accessed, client_id, mode, token_id, username) VALUES (2, true, '_CsfltCDjn-RPgxf6hHEjetUIYQDaMa8gM5hpqE-j2A', 'ADD', 'ffa606c5-d836-4f42-9d86-0c67248d3153', 'marko');
INSERT INTO paypal.registration_request (id, accessed, client_id, mode, token_id, username) VALUES (3, false, '-ggLfj3I6BPnBCoFQz7v9OU3tFHK7PwOe1QsGLIgnok', 'ADD', '99021219-e623-4914-938b-f70b8f162058', 'jovan');
INSERT INTO paypal.registration_request (id, accessed, client_id, mode, token_id, username) VALUES (4, true, '-ggLfj3I6BPnBCoFQz7v9OU3tFHK7PwOe1QsGLIgnok', 'ADD', 'da34a10a-7c41-4b6f-a660-aad8dea2381a', 'jovan');
INSERT INTO paypal.registration_request (id, accessed, client_id, mode, token_id, username) VALUES (5, true, '-ggLfj3I6BPnBCoFQz7v9OU3tFHK7PwOe1QsGLIgnok', 'ADD', 'f30f7f37-d635-4456-968b-7c0afc53da06', 'jovan');
INSERT INTO paypal.registration_request (id, accessed, client_id, mode, token_id, username) VALUES (6, true, '-ggLfj3I6BPnBCoFQz7v9OU3tFHK7PwOe1QsGLIgnok', 'ADD', '918d1e6e-c6f4-4b06-bdb4-b4d3313de2c7', 'jovan');
INSERT INTO paypal.registration_request (id, accessed, client_id, mode, token_id, username) VALUES (7, true, '-ggLfj3I6BPnBCoFQz7v9OU3tFHK7PwOe1QsGLIgnok', 'ADD', '2ecd9e39-2a04-43be-aa1a-9348727a4594', 'jovan');
INSERT INTO paypal.registration_request (id, accessed, client_id, mode, token_id, username) VALUES (8, true, '-ggLfj3I6BPnBCoFQz7v9OU3tFHK7PwOe1QsGLIgnok', 'ADD', 'cd8c88df-824b-4dd1-a03d-198ba1f14a99', 'jovan');
INSERT INTO paypal.registration_request (id, accessed, client_id, mode, token_id, username) VALUES (9, true, '-ggLfj3I6BPnBCoFQz7v9OU3tFHK7PwOe1QsGLIgnok', 'ADD', 'deda5676-6d0e-4494-84ec-b57423a6db17', 'jovan');
INSERT INTO paypal.registration_request (id, accessed, client_id, mode, token_id, username) VALUES (10, true, '-ggLfj3I6BPnBCoFQz7v9OU3tFHK7PwOe1QsGLIgnok', 'ADD', 'a2dcfb3a-e6d2-4c1c-82f2-5305daba0463', 'jovan');
INSERT INTO paypal.registration_request (id, accessed, client_id, mode, token_id, username) VALUES (11, true, '-ggLfj3I6BPnBCoFQz7v9OU3tFHK7PwOe1QsGLIgnok', 'ADD', '868b8f33-9c12-457d-a09b-ca6684a84dce', 'jovan');
INSERT INTO paypal.registration_request (id, accessed, client_id, mode, token_id, username) VALUES (12, true, '-ggLfj3I6BPnBCoFQz7v9OU3tFHK7PwOe1QsGLIgnok', 'ADD', 'fa11cd3c-94d6-44a5-b6ed-297a8b10631e', 'jovan');
INSERT INTO paypal.registration_request (id, accessed, client_id, mode, token_id, username) VALUES (13, true, '-ggLfj3I6BPnBCoFQz7v9OU3tFHK7PwOe1QsGLIgnok', 'ADD', '68040589-12be-4c04-864c-e29e9ee7cdad', 'jovan');
INSERT INTO paypal.registration_request (id, accessed, client_id, mode, token_id, username) VALUES (14, true, '-ggLfj3I6BPnBCoFQz7v9OU3tFHK7PwOe1QsGLIgnok', 'ADD', 'b145e16f-1406-4538-835d-a1223ed21303', 'jovan');
INSERT INTO paypal.registration_request (id, accessed, client_id, mode, token_id, username) VALUES (15, true, '-ggLfj3I6BPnBCoFQz7v9OU3tFHK7PwOe1QsGLIgnok', 'ADD', '57762d94-1e40-46a5-8616-c3479488c0ee', 'jovan');
INSERT INTO paypal.registration_request (id, accessed, client_id, mode, token_id, username) VALUES (16, false, 'zQuONszk9jMasM8uas9o_gLXNR24apu3bsBfri35Z_E', 'ADD', 'd5e13e83-f341-4553-b630-28be2e892929', 'jovan');
INSERT INTO paypal.registration_request (id, accessed, client_id, mode, token_id, username) VALUES (17, true, 'zQuONszk9jMasM8uas9o_gLXNR24apu3bsBfri35Z_E', 'ADD', '944cd4e7-70df-435f-a38d-a28c5087aa43', 'jovan');
INSERT INTO paypal.registration_request (id, accessed, client_id, mode, token_id, username) VALUES (18, true, 'zQuONszk9jMasM8uas9o_gLXNR24apu3bsBfri35Z_E', 'SHOW', '27dda990-1334-40d0-b808-ae535cddabf8', 'jovan');
INSERT INTO paypal.registration_request (id, accessed, client_id, mode, token_id, username) VALUES (19, true, 'zQuONszk9jMasM8uas9o_gLXNR24apu3bsBfri35Z_E', 'SHOW', '5483752c-f35c-4506-9416-50474c48f92f', 'jovan');
INSERT INTO paypal.registration_request (id, accessed, client_id, mode, token_id, username) VALUES (20, true, 'zQuONszk9jMasM8uas9o_gLXNR24apu3bsBfri35Z_E', 'SHOW', '2b4c353b-84d7-4ee6-9310-6b56f28781cb', 'jovan');
INSERT INTO paypal.registration_request (id, accessed, client_id, mode, token_id, username) VALUES (21, true, 'zQuONszk9jMasM8uas9o_gLXNR24apu3bsBfri35Z_E', 'SHOW', '0fb373c5-c80b-45b9-aaf3-298c85bd2247', 'jovan');
INSERT INTO paypal.registration_request (id, accessed, client_id, mode, token_id, username) VALUES (22, true, 'zQuONszk9jMasM8uas9o_gLXNR24apu3bsBfri35Z_E', 'SHOW', '0f7a0378-d25e-4464-a78c-0a8a54732fb5', 'jovan');
INSERT INTO paypal.registration_request (id, accessed, client_id, mode, token_id, username) VALUES (23, true, 'zQuONszk9jMasM8uas9o_gLXNR24apu3bsBfri35Z_E', 'SHOW', 'c108e3a4-0161-431a-8546-e177a19f2aeb', 'jovan');
INSERT INTO paypal.registration_request (id, accessed, client_id, mode, token_id, username) VALUES (24, true, 'zQuONszk9jMasM8uas9o_gLXNR24apu3bsBfri35Z_E', 'SHOW', 'b2253185-d0c9-4027-be72-b075eb0b5ad9', 'jovan');
INSERT INTO paypal.registration_request (id, accessed, client_id, mode, token_id, username) VALUES (25, true, 'zQuONszk9jMasM8uas9o_gLXNR24apu3bsBfri35Z_E', 'SHOW', '175b4487-7215-4b33-925b-2fb8f524ee40', 'jovan');
INSERT INTO paypal.registration_request (id, accessed, client_id, mode, token_id, username) VALUES (26, true, 'zQuONszk9jMasM8uas9o_gLXNR24apu3bsBfri35Z_E', 'EDIT', '5b44a48e-40f9-4ac2-a8e1-8df2b5c4ff19', 'jovan');
INSERT INTO paypal.registration_request (id, accessed, client_id, mode, token_id, username) VALUES (27, true, 'zQuONszk9jMasM8uas9o_gLXNR24apu3bsBfri35Z_E', 'SHOW', '4808793d-f140-43f4-89dc-e815b7c9b6ca', 'jovan');
INSERT INTO paypal.registration_request (id, accessed, client_id, mode, token_id, username) VALUES (28, true, 'zQuONszk9jMasM8uas9o_gLXNR24apu3bsBfri35Z_E', 'EDIT', '7655e778-e2dc-4d31-9c83-17f2ec40530c', 'jovan');
INSERT INTO paypal.registration_request (id, accessed, client_id, mode, token_id, username) VALUES (29, true, 'zQuONszk9jMasM8uas9o_gLXNR24apu3bsBfri35Z_E', 'EDIT', '5ba00f1a-4844-4b9f-94f2-0255cc117164', 'jovan');
INSERT INTO paypal.registration_request (id, accessed, client_id, mode, token_id, username) VALUES (30, true, 'zQuONszk9jMasM8uas9o_gLXNR24apu3bsBfri35Z_E', 'EDIT', 'cd3f1920-dde6-4784-ab25-dddcd88861e3', 'jovan');
INSERT INTO paypal.registration_request (id, accessed, client_id, mode, token_id, username) VALUES (31, true, 'zQuONszk9jMasM8uas9o_gLXNR24apu3bsBfri35Z_E', 'EDIT', '43edb44c-a0c6-4fa7-a512-2bf78fed74a5', 'jovan');
INSERT INTO paypal.registration_request (id, accessed, client_id, mode, token_id, username) VALUES (32, false, 'zQuONszk9jMasM8uas9o_gLXNR24apu3bsBfri35Z_E', 'EDIT', '29116197-fdf2-415e-9c1b-42c68b6cdeab', 'jovan');
INSERT INTO paypal.registration_request (id, accessed, client_id, mode, token_id, username) VALUES (33, true, 'zQuONszk9jMasM8uas9o_gLXNR24apu3bsBfri35Z_E', 'EDIT', 'e59a4407-cd7a-4e56-b94b-223ba5aa9446', 'jovan');
INSERT INTO paypal.registration_request (id, accessed, client_id, mode, token_id, username) VALUES (34, true, 'p9gBYdFRUpoLQG-yX0qErDdmCceL-Q5rkfLlzZygdok', 'ADD', 'c5dac4b9-44d6-4c0e-9c84-f161d20650eb', 'nikola');
INSERT INTO paypal.registration_request (id, accessed, client_id, mode, token_id, username) VALUES (35, true, '_CsfltCDjn-RPgxf6hHEjetUIYQDaMa8gM5hpqE-j2A', 'EDIT', '19278f8d-385f-45d3-8012-c14ac31dd0bd', 'marko');
INSERT INTO paypal.transaction (id, amount, client_id, merchant_order_id, successful, timestamp, token) VALUES (1, 21, '_CsfltCDjn-RPgxf6hHEjetUIYQDaMa8gM5hpqE-j2A', 'I-C5NUCJR9BU8T', null, '2020-02-18 23:38:23.906000000', null);
INSERT INTO paypal.transaction (id, amount, client_id, merchant_order_id, successful, timestamp, token) VALUES (2, 21, '_CsfltCDjn-RPgxf6hHEjetUIYQDaMa8gM5hpqE-j2A', 'I-UKSY92X5UWV4', true, '2020-02-18 23:38:27.653000000', null);
INSERT INTO paypal.transaction (id, amount, client_id, merchant_order_id, successful, timestamp, token) VALUES (3, 5, '_CsfltCDjn-RPgxf6hHEjetUIYQDaMa8gM5hpqE-j2A', 'PAYID-LZGHMJQ27924830934101356', null, '2020-02-18 23:41:25.882000000', '0f0d2b50-bcc3-4085-bff5-df6b8e9c5eda');
INSERT INTO paypal.transaction (id, amount, client_id, merchant_order_id, successful, timestamp, token) VALUES (4, 5, '_CsfltCDjn-RPgxf6hHEjetUIYQDaMa8gM5hpqE-j2A', 'PAYID-LZGHMKA02K58639GR2894824', true, '2020-02-18 23:41:27.949000000', 'a0cf76ff-21e9-487c-bab9-3fa5c9089e8e');
INSERT INTO paypal.transaction (id, amount, client_id, merchant_order_id, successful, timestamp, token) VALUES (5, 5, '_CsfltCDjn-RPgxf6hHEjetUIYQDaMa8gM5hpqE-j2A', 'PAYID-LZGHN6I9AH195120G345334N', null, '2020-02-18 23:44:56.386000000', 'a3e9d07b-b03b-43c8-9985-bab694679d86');
INSERT INTO paypal.transaction (id, amount, client_id, merchant_order_id, successful, timestamp, token) VALUES (6, 5, '_CsfltCDjn-RPgxf6hHEjetUIYQDaMa8gM5hpqE-j2A', 'PAYID-LZGHN7Q7N034859X5196924S', true, '2020-02-18 23:45:01.719000000', '70333942-0c19-4b87-9779-324b2c91faae');
INSERT INTO paypal.transaction (id, amount, client_id, merchant_order_id, successful, timestamp, token) VALUES (7, 11, '_CsfltCDjn-RPgxf6hHEjetUIYQDaMa8gM5hpqE-j2A', 'PAYID-LZGHUTY6YN76586H2245830W', null, '2020-02-18 23:59:10.749000000', 'fe372298-9839-4324-8391-c708e581a46e');
INSERT INTO paypal.transaction (id, amount, client_id, merchant_order_id, successful, timestamp, token) VALUES (8, 11, '_CsfltCDjn-RPgxf6hHEjetUIYQDaMa8gM5hpqE-j2A', 'PAYID-LZGHUUY27E79740R3656862Y', true, '2020-02-18 23:59:14.724000000', 'c03186e8-464f-42cf-b806-35d237e02217');
INSERT INTO paypal.transaction (id, amount, client_id, merchant_order_id, successful, timestamp, token) VALUES (9, 11, '_CsfltCDjn-RPgxf6hHEjetUIYQDaMa8gM5hpqE-j2A', 'PAYID-LZGH4UI8MG18254D1808480N', null, '2020-02-19 00:16:16.881000000', '2847968d-7979-4a8a-94db-09e72b476326');
INSERT INTO paypal.transaction (id, amount, client_id, merchant_order_id, successful, timestamp, token) VALUES (10, 11, '_CsfltCDjn-RPgxf6hHEjetUIYQDaMa8gM5hpqE-j2A', 'PAYID-LZGH4VA3PE81961ME572941C', true, '2020-02-19 00:16:19.416000000', 'a89fa438-1f7d-450c-9e3b-21f0f11246ba');
INSERT INTO paypal.transaction (id, amount, client_id, merchant_order_id, successful, timestamp, token) VALUES (11, 20, '_CsfltCDjn-RPgxf6hHEjetUIYQDaMa8gM5hpqE-j2A', 'I-YEPEVLWRLYGT', null, '2020-02-19 00:31:39.790000000', null);
INSERT INTO paypal.transaction (id, amount, client_id, merchant_order_id, successful, timestamp, token) VALUES (12, 20, '_CsfltCDjn-RPgxf6hHEjetUIYQDaMa8gM5hpqE-j2A', 'I-PG8MS0REH3UY', null, '2020-02-19 00:31:44.530000000', null);
INSERT INTO paypal.transaction (id, amount, client_id, merchant_order_id, successful, timestamp, token) VALUES (13, 20, '_CsfltCDjn-RPgxf6hHEjetUIYQDaMa8gM5hpqE-j2A', 'I-1GDGLY3CMK74', true, '2020-02-19 00:31:51.142000000', null);
INSERT INTO paypal.transaction (id, amount, client_id, merchant_order_id, successful, timestamp, token) VALUES (14, 11, '_CsfltCDjn-RPgxf6hHEjetUIYQDaMa8gM5hpqE-j2A', 'PAYID-LZGIFZA28034468NX868452B', null, '2020-02-19 00:35:47.976000000', 'dbc1dfb7-9ac8-4767-89d1-449764b8d2e9');
INSERT INTO paypal.transaction (id, amount, client_id, merchant_order_id, successful, timestamp, token) VALUES (15, 11, '_CsfltCDjn-RPgxf6hHEjetUIYQDaMa8gM5hpqE-j2A', 'PAYID-LZGIF2A94P02135D0588645P', true, '2020-02-19 00:35:51.764000000', '51cbb24f-cbda-4d5c-ab5e-704bad213350');
INSERT INTO paypal.transaction (id, amount, client_id, merchant_order_id, successful, timestamp, token) VALUES (16, 20, '_CsfltCDjn-RPgxf6hHEjetUIYQDaMa8gM5hpqE-j2A', 'I-SN2S3TSNVSHY', null, '2020-02-19 00:37:40.991000000', null);
INSERT INTO paypal.transaction (id, amount, client_id, merchant_order_id, successful, timestamp, token) VALUES (17, 20, '_CsfltCDjn-RPgxf6hHEjetUIYQDaMa8gM5hpqE-j2A', 'I-7NYBB54UJRM4', true, '2020-02-19 00:37:44.665000000', null);
INSERT INTO paypal.transaction (id, amount, client_id, merchant_order_id, successful, timestamp, token) VALUES (18, 20, '_CsfltCDjn-RPgxf6hHEjetUIYQDaMa8gM5hpqE-j2A', 'I-HUA56XB5KEDX', null, '2020-02-19 00:52:37.564000000', null);
INSERT INTO paypal.transaction (id, amount, client_id, merchant_order_id, successful, timestamp, token) VALUES (19, 20, '_CsfltCDjn-RPgxf6hHEjetUIYQDaMa8gM5hpqE-j2A', 'I-X4DL7T6VUBL3', true, '2020-02-19 00:52:39.862000000', null);
INSERT INTO paypal.transaction (id, amount, client_id, merchant_order_id, successful, timestamp, token) VALUES (20, 21, '_CsfltCDjn-RPgxf6hHEjetUIYQDaMa8gM5hpqE-j2A', 'I-9216VGKE2U37', null, '2020-02-19 01:02:46.213000000', null);
INSERT INTO paypal.transaction (id, amount, client_id, merchant_order_id, successful, timestamp, token) VALUES (21, 21, '_CsfltCDjn-RPgxf6hHEjetUIYQDaMa8gM5hpqE-j2A', 'I-4Y76EMEXJFKD', null, '2020-02-19 01:02:48.361000000', null);
INSERT INTO paypal.transaction (id, amount, client_id, merchant_order_id, successful, timestamp, token) VALUES (22, 21, '_CsfltCDjn-RPgxf6hHEjetUIYQDaMa8gM5hpqE-j2A', 'I-PDVD189CJJUH', null, '2020-02-19 01:02:52.776000000', null);
INSERT INTO paypal.transaction (id, amount, client_id, merchant_order_id, successful, timestamp, token) VALUES (23, 21, '_CsfltCDjn-RPgxf6hHEjetUIYQDaMa8gM5hpqE-j2A', 'I-75N0UJLM4FDP', null, '2020-02-19 01:02:58.640000000', null);
INSERT INTO paypal.transaction (id, amount, client_id, merchant_order_id, successful, timestamp, token) VALUES (24, 5, '_CsfltCDjn-RPgxf6hHEjetUIYQDaMa8gM5hpqE-j2A', 'PAYID-LZGIUGY8E613723LY394260M', null, '2020-02-19 01:06:34.305000000', '1cfdadc9-22f7-4539-bc42-33283b46c283');
INSERT INTO paypal.transaction (id, amount, client_id, merchant_order_id, successful, timestamp, token) VALUES (25, 21, 'p9gBYdFRUpoLQG-yX0qErDdmCceL-Q5rkfLlzZygdok', 'I-X48M9C8LS8AV', null, '2020-02-19 01:40:50.943000000', null);
INSERT INTO paypal.transaction (id, amount, client_id, merchant_order_id, successful, timestamp, token) VALUES (26, 21, 'p9gBYdFRUpoLQG-yX0qErDdmCceL-Q5rkfLlzZygdok', 'I-6E1MLJDLADY6', null, '2020-02-19 01:40:52.850000000', null);
INSERT INTO paypal.transaction (id, amount, client_id, merchant_order_id, successful, timestamp, token) VALUES (27, 21, 'p9gBYdFRUpoLQG-yX0qErDdmCceL-Q5rkfLlzZygdok', 'I-5VRM3BYK0B2H', null, '2020-02-19 01:40:56.481000000', null);
INSERT INTO paypal.transaction (id, amount, client_id, merchant_order_id, successful, timestamp, token) VALUES (28, 21, 'p9gBYdFRUpoLQG-yX0qErDdmCceL-Q5rkfLlzZygdok', 'I-GN641V8ET2NC', true, '2020-02-19 01:41:00.174000000', null);
INSERT INTO paypal.transaction (id, amount, client_id, merchant_order_id, successful, timestamp, token) VALUES (29, 11, 'p9gBYdFRUpoLQG-yX0qErDdmCceL-Q5rkfLlzZygdok', 'PAYID-LZGJGYY8FS4953776558331S', null, '2020-02-19 01:46:11.136000000', 'f269c670-0e76-4f11-a75c-e23db3f11d75');
INSERT INTO paypal.transaction (id, amount, client_id, merchant_order_id, successful, timestamp, token) VALUES (30, 11, 'p9gBYdFRUpoLQG-yX0qErDdmCceL-Q5rkfLlzZygdok', 'PAYID-LZGJGZY9F916049DW408445K', true, '2020-02-19 01:46:14.152000000', 'edb9f1b4-8a41-4380-b53a-f82d1451e9d7');
INSERT INTO paypal.transaction (id, amount, client_id, merchant_order_id, successful, timestamp, token) VALUES (31, 5, '_CsfltCDjn-RPgxf6hHEjetUIYQDaMa8gM5hpqE-j2A', 'PAYID-LZGJIRY0XA44769VX615104J', false, '2020-02-19 01:49:58.435000000', '5edd36a4-6456-44ee-bdf7-4eb9af8d09ab');
INSERT INTO paypal.transaction (id, amount, client_id, merchant_order_id, successful, timestamp, token) VALUES (32, 5, '_CsfltCDjn-RPgxf6hHEjetUIYQDaMa8gM5hpqE-j2A', 'PAYID-LZGJK5I6XG729406F241154F', null, '2020-02-19 01:55:00.771000000', '36b2c4a1-e16f-4efa-b6a2-276adb1721c0');
INSERT INTO paypal.transaction (id, amount, client_id, merchant_order_id, successful, timestamp, token) VALUES (33, 5, '_CsfltCDjn-RPgxf6hHEjetUIYQDaMa8gM5hpqE-j2A', 'PAYID-LZGJK6I2D287186WK583181R', true, '2020-02-19 01:55:04.367000000', '42d23f95-6327-4e28-ad06-97902224dc4f');
INSERT INTO paypal.transaction (id, amount, client_id, merchant_order_id, successful, timestamp, token) VALUES (34, 5, 'bzk9jMkG6sl8hJ7sZmcOO0HbxqDnUw7-E3ttQcBP7Bg', 'PAYID-LZGJMZI9RH75276954740536', null, '2020-02-19 01:59:00.806000000', 'bf3d20cf-d6e9-4097-b8aa-f497408db221');
INSERT INTO paypal.transaction (id, amount, client_id, merchant_order_id, successful, timestamp, token) VALUES (35, 5, 'bzk9jMkG6sl8hJ7sZmcOO0HbxqDnUw7-E3ttQcBP7Bg', 'PAYID-LZGJM2A1MK27419GL666245N', true, '2020-02-19 01:59:03.356000000', '5a5d5988-bbd3-4baf-9475-eb62f1d2c5d7');
INSERT INTO paypal.user (id, paypal_user_email, user_email) VALUES (1, 'sb-2xr2o796753@personal.example.com', 'milicamat@gmail.com');
INSERT INTO pcc.bank (id, api, name, pan, code) VALUES (1, 'https://localhost:8768/request/pay_from_pcc', 'MAIN', 'ALWPG5809L', '438163');
INSERT INTO pcc.bank (id, api, name, pan, code) VALUES (2, 'https://localhost:8766/request/pay_from_pcc', 'SECOND', 'ALWPG5701L', '406221');
INSERT INTO sellersdb.client (id, client_id, client_name, error_url, failed_url, registration_date, success_url, username) VALUES (3, '_CsfltCDjn-RPgxf6hHEjetUIYQDaMa8gM5hpqE-j2A', 'science-center', 'https://localhost:8080/center/pay/error', 'https://localhost:8080/center/pay/fail', '2020-01-29 19:15:31', 'https://localhost:8080/center/pay/success', 'marko');
INSERT INTO sellersdb.client (id, client_id, client_name, error_url, failed_url, registration_date, success_url, username) VALUES (6, 'bzk9jMkG6sl8hJ7sZmcOO0HbxqDnUw7-E3ttQcBP7Bg', 'ScienceCenter', 'https://localhost:8084/center/pay/error', 'https://localhost:8084/center/pay/fail', '2020-02-18 17:18:31', 'https://localhost:8084/center/pay/success', 'jovan');
INSERT INTO sellersdb.client (id, client_id, client_name, error_url, failed_url, registration_date, success_url, username) VALUES (7, 'p9gBYdFRUpoLQG-yX0qErDdmCceL-Q5rkfLlzZygdok', 'Science Center Nikola', 'https://localhost:8085/center/pay/error', 'https://localhost:8085/center/pay/fail', '2020-02-18 21:23:23', 'https://localhost:8085/center/pay/success', 'nikola');
INSERT INTO sellersdb.client_payment_types (client_id, payment_type_id) VALUES (3, 1);
INSERT INTO sellersdb.client_payment_types (client_id, payment_type_id) VALUES (3, 2);
INSERT INTO sellersdb.client_payment_types (client_id, payment_type_id) VALUES (3, 3);
INSERT INTO sellersdb.client_payment_types (client_id, payment_type_id) VALUES (6, 2);
INSERT INTO sellersdb.client_payment_types (client_id, payment_type_id) VALUES (6, 1);
INSERT INTO sellersdb.client_payment_types (client_id, payment_type_id) VALUES (7, 3);
INSERT INTO sellersdb.client_payment_types (client_id, payment_type_id) VALUES (6, 3);
INSERT INTO sellersdb.client_payment_types (client_id, payment_type_id) VALUES (7, 2);
INSERT INTO sellersdb.payment (id, email, first_name, last_name, type, payment_request_id) VALUES (1, 'mihajlol@gmail.com', 'Mihajlo', 'Levarski', 'payment', 1);
INSERT INTO sellersdb.payment (id, email, first_name, last_name, type, payment_request_id) VALUES (2, 'mihajlol@gmail.com', 'Mihajlo', 'Levarski', 'payment', 2);
INSERT INTO sellersdb.payment (id, email, first_name, last_name, type, payment_request_id) VALUES (3, 'mihajlol@gmail.com', 'Mihajlo', 'Levarski', 'subscription', 3);
INSERT INTO sellersdb.payment (id, email, first_name, last_name, type, payment_request_id) VALUES (4, 'mihajlol@gmail.com', 'Mihajlo', 'Levarski', 'payment', 4);
INSERT INTO sellersdb.payment (id, email, first_name, last_name, type, payment_request_id) VALUES (5, 'mihajlol@gmail.com', 'Mihajlo', 'Levarski', 'payment', 5);
INSERT INTO sellersdb.payment (id, email, first_name, last_name, type, payment_request_id) VALUES (6, 'mihajlol@gmail.com', 'Mihajlo', 'Levarski', 'payment', 6);
INSERT INTO sellersdb.payment (id, email, first_name, last_name, type, payment_request_id) VALUES (7, 'mihajlol@gmail.com', 'Mihajlo', 'Levarski', 'payment', 7);
INSERT INTO sellersdb.payment (id, email, first_name, last_name, type, payment_request_id) VALUES (8, 'mihajlol@gmail.com', 'Mihajlo', 'Levarski', 'payment', 8);
INSERT INTO sellersdb.payment (id, email, first_name, last_name, type, payment_request_id) VALUES (9, 'mihajlol@gmail.com', 'Mihajlo', 'Levarski', 'payment', 9);
INSERT INTO sellersdb.payment (id, email, first_name, last_name, type, payment_request_id) VALUES (10, 'mihajlol@gmail.com', 'Mihajlo', 'Levarski', 'payment', 10);
INSERT INTO sellersdb.payment (id, email, first_name, last_name, type, payment_request_id) VALUES (11, 'mihajlol@gmail.com', 'Mihajlo', 'Levarski', 'payment', 11);
INSERT INTO sellersdb.payment (id, email, first_name, last_name, type, payment_request_id) VALUES (12, 'milicamat@gmail.com', 'Milica', 'Matijevic', 'payment', 12);
INSERT INTO sellersdb.payment (id, email, first_name, last_name, type, payment_request_id) VALUES (13, 'milicamat@gmail.com', 'Milica', 'Matijevic', 'subscription', 13);
INSERT INTO sellersdb.payment (id, email, first_name, last_name, type, payment_request_id) VALUES (14, 'milicamat@gmail.com', 'Milica', 'Matijevic', 'payment', 14);
INSERT INTO sellersdb.payment (id, email, first_name, last_name, type, payment_request_id) VALUES (15, 'milicamat@gmail.com', 'Milica', 'Matijevic', 'payment', 15);
INSERT INTO sellersdb.payment (id, email, first_name, last_name, type, payment_request_id) VALUES (16, 'mihajlol@gmail.com', 'Mihajlo', 'Levarski', 'payment', 16);
INSERT INTO sellersdb.payment (id, email, first_name, last_name, type, payment_request_id) VALUES (17, 'mihajlol@gmail.com', 'Mihajlo', 'Levarski', 'payment', 17);
INSERT INTO sellersdb.payment (id, email, first_name, last_name, type, payment_request_id) VALUES (18, 'mihajlol@gmail.com', 'Mihajlo', 'Levarski', 'subscription', 18);
INSERT INTO sellersdb.payment (id, email, first_name, last_name, type, payment_request_id) VALUES (19, 'mihajlol@gmail.com', 'Mihajlo', 'Levarski', 'subscription', 19);
INSERT INTO sellersdb.payment (id, email, first_name, last_name, type, payment_request_id) VALUES (20, 'mihajlol@gmail.com', 'Mihajlo', 'Levarski', 'payment', 20);
INSERT INTO sellersdb.payment (id, email, first_name, last_name, type, payment_request_id) VALUES (21, 'mihajlol@gmail.com', 'Mihajlo', 'Levarski', 'subscription', 21);
INSERT INTO sellersdb.payment (id, email, first_name, last_name, type, payment_request_id) VALUES (22, 'mihajlol@gmail.com', 'Mihajlo', 'Levarski', 'subscription', 22);
INSERT INTO sellersdb.payment (id, email, first_name, last_name, type, payment_request_id) VALUES (23, 'milicamat@gmail.com', 'Milica', 'Matijevic', 'subscription', 23);
INSERT INTO sellersdb.payment (id, email, first_name, last_name, type, payment_request_id) VALUES (24, 'milicamat@gmail.com', 'Milica', 'Matijevic', 'subscription', 24);
INSERT INTO sellersdb.payment (id, email, first_name, last_name, type, payment_request_id) VALUES (25, 'milicamat@gmail.com', 'Milica', 'Matijevic', 'payment', 25);
INSERT INTO sellersdb.payment (id, email, first_name, last_name, type, payment_request_id) VALUES (26, 'mihajlol@gmail.com', 'Mihajlo', 'Levarski', 'subscription', 26);
INSERT INTO sellersdb.payment (id, email, first_name, last_name, type, payment_request_id) VALUES (27, 'mihajlol@gmail.com', 'Mihajlo', 'Levarski', 'subscription', 27);
INSERT INTO sellersdb.payment (id, email, first_name, last_name, type, payment_request_id) VALUES (28, 'mihajlol@gmail.com', 'Mihajlo', 'Levarski', 'payment', 28);
INSERT INTO sellersdb.payment (id, email, first_name, last_name, type, payment_request_id) VALUES (29, 'milicamat@gmail.com', 'Milica', 'Matijevic', 'subscription', 29);
INSERT INTO sellersdb.payment (id, email, first_name, last_name, type, payment_request_id) VALUES (30, 'milicamat@gmail.com', 'Milica', 'Matijevic', 'payment', 30);
INSERT INTO sellersdb.payment (id, email, first_name, last_name, type, payment_request_id) VALUES (31, 'milicamat@gmail.com', 'Milica', 'Matijevic', 'payment', 31);
INSERT INTO sellersdb.payment (id, email, first_name, last_name, type, payment_request_id) VALUES (32, 'milicamat@gmail.com', 'Milica', 'Matijevic', 'payment', 32);
INSERT INTO sellersdb.payment (id, email, first_name, last_name, type, payment_request_id) VALUES (33, 'mihajlol@gmail.com', 'Mihajlo', 'Levarski', 'payment', 33);
INSERT INTO sellersdb.payment (id, email, first_name, last_name, type, payment_request_id) VALUES (34, 'mihajlol@gmail.com', 'Mihajlo', 'Levarski', 'subscription', 34);
INSERT INTO sellersdb.payment_request (id, accessed, amount, status, token, transaction_id, client_id, payment_type_id) VALUES (1, false, 11, 'SUCCESSFUL', '71c795d5-6894-4aea-b76b-4ae1b289dbd5', 'PAYID-LZF6TXA93X570015L819243D', 3, 2);
INSERT INTO sellersdb.payment_request (id, accessed, amount, status, token, transaction_id, client_id, payment_type_id) VALUES (2, false, 11, 'SUCCESSFUL', '7bdda628-f175-438f-ab65-573628c477b4', 'PAYID-LZF6XCI1EK672497E561072T', 3, 2);
INSERT INTO sellersdb.payment_request (id, accessed, amount, status, token, transaction_id, client_id, payment_type_id) VALUES (3, false, 20, 'CANCEL', 'b9430754-a819-476a-b738-b8c5dd167e95', 'I-D58E1NWA8VST', 3, 2);
INSERT INTO sellersdb.payment_request (id, accessed, amount, status, token, transaction_id, client_id, payment_type_id) VALUES (4, false, 6, null, '9930bbf2-93e9-45cb-b3c2-3f4bc5f16c09', 'PAYID-LZF65OY0FA503338X124590E', 3, 2);
INSERT INTO sellersdb.payment_request (id, accessed, amount, status, token, transaction_id, client_id, payment_type_id) VALUES (5, false, 6, null, 'f603174b-1d98-43c1-bc24-d7af5301cec8', '3666551079', 3, 1);
INSERT INTO sellersdb.payment_request (id, accessed, amount, status, token, transaction_id, client_id, payment_type_id) VALUES (6, false, 6, 'SUCCESSFUL', '129373ea-c11a-471c-bd26-2762fe211621', '8493524072', 3, 1);
INSERT INTO sellersdb.payment_request (id, accessed, amount, status, token, transaction_id, client_id, payment_type_id) VALUES (7, false, 11, null, 'f351cd09-b4c8-4f1c-91a2-67ebfa719b32', null, 3, null);
INSERT INTO sellersdb.payment_request (id, accessed, amount, status, token, transaction_id, client_id, payment_type_id) VALUES (8, false, 11, 'SUCCESSFUL', 'c2592782-34ba-4449-926e-e43ac6b7cb51', '2f56b616-4f6e-490a-8da6-e44801fdad24', 3, 3);
INSERT INTO sellersdb.payment_request (id, accessed, amount, status, token, transaction_id, client_id, payment_type_id) VALUES (9, false, 11, 'CANCEL', '6850922d-522d-430f-8e54-61436708839c', '9ae866ef-903a-4f75-b44e-046504ff4fe5', 3, 3);
INSERT INTO sellersdb.payment_request (id, accessed, amount, status, token, transaction_id, client_id, payment_type_id) VALUES (10, false, 11, 'CANCEL', '2595453d-348f-4f66-ab6e-5cf55ebca3a1', 'b284a989-3462-4991-b57d-37134a7ab38c', 3, 3);
INSERT INTO sellersdb.payment_request (id, accessed, amount, status, token, transaction_id, client_id, payment_type_id) VALUES (11, false, 6, null, 'bf7d7194-4f53-489e-9a13-86e65aab18c5', 'PAYID-LZGGB4Y978514442L3164245', 3, 2);
INSERT INTO sellersdb.payment_request (id, accessed, amount, status, token, transaction_id, client_id, payment_type_id) VALUES (12, false, 11, null, 'e78b8919-1fc5-4bc7-a3ea-ba32dd7c9574', null, 3, null);
INSERT INTO sellersdb.payment_request (id, accessed, amount, status, token, transaction_id, client_id, payment_type_id) VALUES (13, false, 21, 'SUCCESSFUL', '436af57c-4a39-4bc2-8254-ad4d2887a9d8', 'I-UKSY92X5UWV4', 3, 2);
INSERT INTO sellersdb.payment_request (id, accessed, amount, status, token, transaction_id, client_id, payment_type_id) VALUES (14, false, 5, 'SUCCESSFUL', '2be1676f-7b85-41a8-9601-16a89b25f2f2', 'PAYID-LZGHMKA02K58639GR2894824', 3, 2);
INSERT INTO sellersdb.payment_request (id, accessed, amount, status, token, transaction_id, client_id, payment_type_id) VALUES (15, false, 5, 'SUCCESSFUL', '907fd2c1-46bd-4c58-a30f-77db55298e4e', 'PAYID-LZGHN7Q7N034859X5196924S', 3, 2);
INSERT INTO sellersdb.payment_request (id, accessed, amount, status, token, transaction_id, client_id, payment_type_id) VALUES (16, false, 11, 'SUCCESSFUL', '9f5d6563-80e1-4901-9adf-72cb1b501737', 'PAYID-LZGHUUY27E79740R3656862Y', 3, 2);
INSERT INTO sellersdb.payment_request (id, accessed, amount, status, token, transaction_id, client_id, payment_type_id) VALUES (17, false, 11, 'SUCCESSFUL', 'beda08d2-2217-4792-b805-382057c3b83a', 'PAYID-LZGH4VA3PE81961ME572941C', 3, 2);
INSERT INTO sellersdb.payment_request (id, accessed, amount, status, token, transaction_id, client_id, payment_type_id) VALUES (18, false, 20, null, '64a157f9-c9d2-4571-aeda-f1091b5a00db', null, 3, null);
INSERT INTO sellersdb.payment_request (id, accessed, amount, status, token, transaction_id, client_id, payment_type_id) VALUES (19, false, 20, 'SUCCESSFUL', 'b7cf64d1-124c-44fb-aaf9-bb02ffccc75d', 'I-1GDGLY3CMK74', 3, 2);
INSERT INTO sellersdb.payment_request (id, accessed, amount, status, token, transaction_id, client_id, payment_type_id) VALUES (20, false, 11, 'SUCCESSFUL', '8ffb2954-e376-4d78-9259-ec1cfa1d3bd9', 'PAYID-LZGIF2A94P02135D0588645P', 3, 2);
INSERT INTO sellersdb.payment_request (id, accessed, amount, status, token, transaction_id, client_id, payment_type_id) VALUES (21, false, 20, 'SUCCESSFUL', 'a3eca97c-3c31-4386-875b-ed444bdfc302', 'I-7NYBB54UJRM4', 3, 2);
INSERT INTO sellersdb.payment_request (id, accessed, amount, status, token, transaction_id, client_id, payment_type_id) VALUES (22, false, 20, 'SUCCESSFUL', '507de0d1-f888-4752-a2a3-90ba03a0e4eb', 'I-X4DL7T6VUBL3', 3, 2);
INSERT INTO sellersdb.payment_request (id, accessed, amount, status, token, transaction_id, client_id, payment_type_id) VALUES (23, false, 21, null, 'd830fae8-3969-4ea0-a7a1-e99965c4e927', null, 3, null);
INSERT INTO sellersdb.payment_request (id, accessed, amount, status, token, transaction_id, client_id, payment_type_id) VALUES (24, false, 21, null, 'dc1443f2-2ac1-49a2-90a7-a207366bf0d7', 'I-75N0UJLM4FDP', 3, 2);
INSERT INTO sellersdb.payment_request (id, accessed, amount, status, token, transaction_id, client_id, payment_type_id) VALUES (25, false, 5, null, '83e4f305-d346-4faa-bc90-76db63439d82', 'PAYID-LZGIUGY8E613723LY394260M', 3, 2);
INSERT INTO sellersdb.payment_request (id, accessed, amount, status, token, transaction_id, client_id, payment_type_id) VALUES (26, false, 20, null, '36449bea-370e-4020-9edc-53972c1829f1', null, 3, null);
INSERT INTO sellersdb.payment_request (id, accessed, amount, status, token, transaction_id, client_id, payment_type_id) VALUES (27, false, 20, null, 'af47ebb6-12cc-439b-9c7c-5576d6436088', null, 3, null);
INSERT INTO sellersdb.payment_request (id, accessed, amount, status, token, transaction_id, client_id, payment_type_id) VALUES (28, false, 5, 'CANCEL', '938fa22e-3c53-4256-87eb-1666776ece38', 'PAYID-LZGJIRY0XA44769VX615104J', 3, 2);
INSERT INTO sellersdb.payment_request (id, accessed, amount, status, token, transaction_id, client_id, payment_type_id) VALUES (29, false, 21, 'SUCCESSFUL', '3ccaa701-86ae-4d6a-b801-a53696487997', 'I-GN641V8ET2NC', 7, 2);
INSERT INTO sellersdb.payment_request (id, accessed, amount, status, token, transaction_id, client_id, payment_type_id) VALUES (30, false, 11, 'SUCCESSFUL', '06735219-f0a4-4cbc-9f5f-629744b858d0', 'PAYID-LZGJGZY9F916049DW408445K', 7, 2);
INSERT INTO sellersdb.payment_request (id, accessed, amount, status, token, transaction_id, client_id, payment_type_id) VALUES (31, false, 5, null, '54ebb4b9-15b5-4e12-8c84-9273ea1cd4b1', null, 6, null);
INSERT INTO sellersdb.payment_request (id, accessed, amount, status, token, transaction_id, client_id, payment_type_id) VALUES (32, false, 5, 'SUCCESSFUL', '4fe6b7d4-92a7-4b5e-91ba-1aeaccf6b414', 'PAYID-LZGJM2A1MK27419GL666245N', 6, 2);
INSERT INTO sellersdb.payment_request (id, accessed, amount, status, token, transaction_id, client_id, payment_type_id) VALUES (33, false, 5, 'SUCCESSFUL', '6fe0e871-6f09-4595-9bb6-216958ded161', 'PAYID-LZGJK6I2D287186WK583181R', 3, 2);
INSERT INTO sellersdb.payment_request (id, accessed, amount, status, token, transaction_id, client_id, payment_type_id) VALUES (34, false, 37, 'SUCCESSFUL', '0172f65c-0a55-4f3a-a1b4-cbe709cebcf8', '4b92a585-d281-4561-b722-4c375a58d0fb', 3, 3);
INSERT INTO sellersdb.payment_type (id, name, service_name) VALUES (1, 'Bank', 'bank-service');
INSERT INTO sellersdb.payment_type (id, name, service_name) VALUES (2, 'PayPal', 'paypal-service');
INSERT INTO sellersdb.payment_type (id, name, service_name) VALUES (3, 'BitCoin', 'bitcoin-service');
INSERT INTO sellersdb.product (id, amount, name, payment_id) VALUES (1, 6, '2', 1);
INSERT INTO sellersdb.product (id, amount, name, payment_id) VALUES (2, 5, '1', 1);
INSERT INTO sellersdb.product (id, amount, name, payment_id) VALUES (3, 6, '2', 2);
INSERT INTO sellersdb.product (id, amount, name, payment_id) VALUES (4, 20, '1', 3);
INSERT INTO sellersdb.product (id, amount, name, payment_id) VALUES (5, 6, '2', 4);
INSERT INTO sellersdb.product (id, amount, name, payment_id) VALUES (6, 6, '2', 5);
INSERT INTO sellersdb.product (id, amount, name, payment_id) VALUES (7, 6, '2', 6);
INSERT INTO sellersdb.product (id, amount, name, payment_id) VALUES (8, 6, '2', 7);
INSERT INTO sellersdb.product (id, amount, name, payment_id) VALUES (9, 5, '1', 7);
INSERT INTO sellersdb.product (id, amount, name, payment_id) VALUES (10, 6, '2', 8);
INSERT INTO sellersdb.product (id, amount, name, payment_id) VALUES (11, 5, '1', 8);
INSERT INTO sellersdb.product (id, amount, name, payment_id) VALUES (12, 6, '2', 9);
INSERT INTO sellersdb.product (id, amount, name, payment_id) VALUES (13, 5, '1', 9);
INSERT INTO sellersdb.product (id, amount, name, payment_id) VALUES (14, 6, '2', 10);
INSERT INTO sellersdb.product (id, amount, name, payment_id) VALUES (15, 5, '1', 10);
INSERT INTO sellersdb.product (id, amount, name, payment_id) VALUES (16, 6, '2', 11);
INSERT INTO sellersdb.product (id, amount, name, payment_id) VALUES (17, 5, '1', 12);
INSERT INTO sellersdb.product (id, amount, name, payment_id) VALUES (18, 6, '2', 12);
INSERT INTO sellersdb.product (id, amount, name, payment_id) VALUES (19, 21, '1', 13);
INSERT INTO sellersdb.product (id, amount, name, payment_id) VALUES (20, 5, '1', 14);
INSERT INTO sellersdb.product (id, amount, name, payment_id) VALUES (21, 5, '1', 15);
INSERT INTO sellersdb.product (id, amount, name, payment_id) VALUES (22, 6, '2', 16);
INSERT INTO sellersdb.product (id, amount, name, payment_id) VALUES (23, 5, '1', 16);
INSERT INTO sellersdb.product (id, amount, name, payment_id) VALUES (24, 5, '1', 17);
INSERT INTO sellersdb.product (id, amount, name, payment_id) VALUES (25, 6, '2', 17);
INSERT INTO sellersdb.product (id, amount, name, payment_id) VALUES (26, 20, '1', 18);
INSERT INTO sellersdb.product (id, amount, name, payment_id) VALUES (27, 20, '1', 19);
INSERT INTO sellersdb.product (id, amount, name, payment_id) VALUES (28, 5, '1', 20);
INSERT INTO sellersdb.product (id, amount, name, payment_id) VALUES (29, 6, '2', 20);
INSERT INTO sellersdb.product (id, amount, name, payment_id) VALUES (30, 20, '1', 21);
INSERT INTO sellersdb.product (id, amount, name, payment_id) VALUES (31, 20, '1', 22);
INSERT INTO sellersdb.product (id, amount, name, payment_id) VALUES (32, 21, '1', 23);
INSERT INTO sellersdb.product (id, amount, name, payment_id) VALUES (33, 21, '1', 24);
INSERT INTO sellersdb.product (id, amount, name, payment_id) VALUES (34, 5, '1', 25);
INSERT INTO sellersdb.product (id, amount, name, payment_id) VALUES (35, 20, '1', 26);
INSERT INTO sellersdb.product (id, amount, name, payment_id) VALUES (36, 20, '1', 27);
INSERT INTO sellersdb.product (id, amount, name, payment_id) VALUES (37, 5, '1', 28);
INSERT INTO sellersdb.product (id, amount, name, payment_id) VALUES (38, 21, '1', 29);
INSERT INTO sellersdb.product (id, amount, name, payment_id) VALUES (39, 5, '1', 30);
INSERT INTO sellersdb.product (id, amount, name, payment_id) VALUES (40, 6, '2', 30);
INSERT INTO sellersdb.product (id, amount, name, payment_id) VALUES (41, 5, '1', 31);
INSERT INTO sellersdb.product (id, amount, name, payment_id) VALUES (42, 5, '1', 32);
INSERT INTO sellersdb.product (id, amount, name, payment_id) VALUES (43, 5, '1', 33);
INSERT INTO sellersdb.product (id, amount, name, payment_id) VALUES (44, 37, '3', 34);