INSERT INTO authusers.oauth_access_token (token_id, token, authentication_id, user_name, client_id, authentication, refresh_token) VALUES ('3c64d9b28889d0e7e271206572bc2e00', 0xACED0005737200436F72672E737072696E676672616D65776F726B2E73656375726974792E6F61757468322E636F6D6D6F6E2E44656661756C744F4175746832416363657373546F6B656E0CB29E361B24FACE0200064C00156164646974696F6E616C496E666F726D6174696F6E74000F4C6A6176612F7574696C2F4D61703B4C000A65787069726174696F6E7400104C6A6176612F7574696C2F446174653B4C000C72656672657368546F6B656E74003F4C6F72672F737072696E676672616D65776F726B2F73656375726974792F6F61757468322F636F6D6D6F6E2F4F417574683252656672657368546F6B656E3B4C000573636F706574000F4C6A6176612F7574696C2F5365743B4C0009746F6B656E547970657400124C6A6176612F6C616E672F537472696E673B4C000576616C756571007E000578707372001E6A6176612E7574696C2E436F6C6C656374696F6E7324456D7074794D6170593614855ADCE7D002000078707372000E6A6176612E7574696C2E44617465686A81014B597419030000787077080000016FF37A8F4D787372004C6F72672E737072696E676672616D65776F726B2E73656375726974792E6F61757468322E636F6D6D6F6E2E44656661756C744578706972696E674F417574683252656672657368546F6B656E2FDF47639DD0C9B70200014C000A65787069726174696F6E71007E0002787200446F72672E737072696E676672616D65776F726B2E73656375726974792E6F61757468322E636F6D6D6F6E2E44656661756C744F417574683252656672657368546F6B656E73E10E0A6354D45E0200014C000576616C756571007E0005787074002463356265386237302D616338382D346538362D613662322D3935326563383537653234337371007E000977080000017006CA683F78737200256A6176612E7574696C2E436F6C6C656374696F6E7324556E6D6F6469666961626C65536574801D92D18F9B80550200007872002C6A6176612E7574696C2E436F6C6C656374696F6E7324556E6D6F6469666961626C65436F6C6C656374696F6E19420080CB5EF71E0200014C0001637400164C6A6176612F7574696C2F436F6C6C656374696F6E3B7870737200176A6176612E7574696C2E4C696E6B656448617368536574D86CD75A95DD2A1E020000787200116A6176612E7574696C2E48617368536574BA44859596B8B7340300007870770C000000103F400000000000027400047265616474000577726974657874000662656172657274002437303730386366642D396161622D346162642D616234362D623564373534656131653838, '21ee6447868a282c54262172cb80a5b8', 'mixa', 'oauthorize', 0xACED0005737200416F72672E737072696E676672616D65776F726B2E73656375726974792E6F61757468322E70726F76696465722E4F417574683241757468656E7469636174696F6EBD400B02166252130200024C000D73746F7265645265717565737474003C4C6F72672F737072696E676672616D65776F726B2F73656375726974792F6F61757468322F70726F76696465722F4F4175746832526571756573743B4C00127573657241757468656E7469636174696F6E7400324C6F72672F737072696E676672616D65776F726B2F73656375726974792F636F72652F41757468656E7469636174696F6E3B787200476F72672E737072696E676672616D65776F726B2E73656375726974792E61757468656E7469636174696F6E2E416273747261637441757468656E7469636174696F6E546F6B656ED3AA287E6E47640E0200035A000D61757468656E746963617465644C000B617574686F7269746965737400164C6A6176612F7574696C2F436F6C6C656374696F6E3B4C000764657461696C737400124C6A6176612F6C616E672F4F626A6563743B787000737200266A6176612E7574696C2E436F6C6C656374696F6E7324556E6D6F6469666961626C654C697374FC0F2531B5EC8E100200014C00046C6973747400104C6A6176612F7574696C2F4C6973743B7872002C6A6176612E7574696C2E436F6C6C656374696F6E7324556E6D6F6469666961626C65436F6C6C656374696F6E19420080CB5EF71E0200014C00016371007E00047870737200136A6176612E7574696C2E41727261794C6973747881D21D99C7619D03000149000473697A6578700000000177040000000173720027636F6D2E6D6963726F736572766963652E61757468736572766963652E6D6F64656C2E526F6C65F5771CB91D3C706E0200024C000269647400104C6A6176612F6C616E672F4C6F6E673B4C00046E616D657400124C6A6176612F6C616E672F537472696E673B78707372000E6A6176612E6C616E672E4C6F6E673B8BE490CC8F23DF0200014A000576616C7565787200106A6176612E6C616E672E4E756D62657286AC951D0B94E08B02000078700000000000000001740009524F4C455F555345527871007E000C707372003A6F72672E737072696E676672616D65776F726B2E73656375726974792E6F61757468322E70726F76696465722E4F41757468325265717565737400000000000000010200075A0008617070726F7665644C000B617574686F72697469657371007E00044C000A657874656E73696F6E7374000F4C6A6176612F7574696C2F4D61703B4C000B726564697265637455726971007E000F4C00077265667265736874003B4C6F72672F737072696E676672616D65776F726B2F73656375726974792F6F61757468322F70726F76696465722F546F6B656E526571756573743B4C000B7265736F7572636549647374000F4C6A6176612F7574696C2F5365743B4C000D726573706F6E7365547970657371007E0018787200386F72672E737072696E676672616D65776F726B2E73656375726974792E6F61757468322E70726F76696465722E426173655265717565737436287A3EA37169BD0200034C0008636C69656E74496471007E000F4C001172657175657374506172616D657465727371007E00164C000573636F706571007E0018787074000A6F617574686F72697A65737200256A6176612E7574696C2E436F6C6C656374696F6E7324556E6D6F6469666961626C654D6170F1A5A8FE74F507420200014C00016D71007E00167870737200116A6176612E7574696C2E486173684D61700507DAC1C31660D103000246000A6C6F6164466163746F724900097468726573686F6C6478703F400000000000037708000000040000000274000A6772616E745F7479706574000870617373776F7264740008757365726E616D657400046D69786178737200256A6176612E7574696C2E436F6C6C656374696F6E7324556E6D6F6469666961626C65536574801D92D18F9B80550200007871007E0009737200176A6176612E7574696C2E4C696E6B656448617368536574D86CD75A95DD2A1E020000787200116A6176612E7574696C2E48617368536574BA44859596B8B7340300007870770C000000103F4000000000000274000472656164740005777269746578017371007E0027770C000000103F40000000000000787371007E001E3F40000000000000770800000010000000007870707371007E0027770C000000103F40000000000000787371007E0027770C000000103F40000000000000787372004F6F72672E737072696E676672616D65776F726B2E73656375726974792E61757468656E7469636174696F6E2E557365726E616D6550617373776F726441757468656E7469636174696F6E546F6B656E00000000000001FE0200024C000B63726564656E7469616C7371007E00054C00097072696E636970616C71007E00057871007E0003017371007E00077371007E000B0000000177040000000171007E00107871007E0032737200176A6176612E7574696C2E4C696E6B6564486173684D617034C04E5C106CC0FB0200015A000B6163636573734F726465727871007E001E3F400000000000067708000000080000000271007E002071007E002171007E002271007E002378007073720027636F6D2E6D6963726F736572766963652E61757468736572766963652E6D6F64656C2E5573657236A9E1FF029C74BD02000A4C0005656D61696C71007E000F4C000966697273744E616D6571007E000F4C0002696471007E000E4C00096973456E61626C65647400134C6A6176612F6C616E672F426F6F6C65616E3B4C000A6973566572696669656471007E00364C00086C6173744E616D6571007E000F4C00156C61737450617373776F72645265736574446174657400104C6A6176612F7574696C2F446174653B4C000870617373776F726471007E000F4C0005726F6C657371007E00184C0008757365726E616D6571007E000F787074000D6D61696C406D61696C2E636F6D7400034D697871007E0013737200116A6176612E6C616E672E426F6F6C65616ECD207280D59CFAEE0200015A000576616C756578700171007E003C7400074D69786F7669637074003C2432612431302437422E6256714B32554D7A39304730714B6471626A2E6532386A3769754C465543786D462F747A4335646C55496F51625046556A797372002F6F72672E68696265726E6174652E636F6C6C656374696F6E2E696E7465726E616C2E50657273697374656E745365748B47EF79D4C9917D0200014C000373657471007E00187872003E6F72672E68696265726E6174652E636F6C6C656374696F6E2E696E7465726E616C2E416273747261637450657273697374656E74436F6C6C656374696F6E5718B75D8ABA735402000B5A001B616C6C6F774C6F61644F7574736964655472616E73616374696F6E49000A63616368656453697A655A000564697274795A000E656C656D656E7452656D6F7665645A000B696E697469616C697A65645A000D697354656D7053657373696F6E4C00036B65797400164C6A6176612F696F2F53657269616C697A61626C653B4C00056F776E657271007E00054C0004726F6C6571007E000F4C001273657373696F6E466163746F72795575696471007E000F4C000E73746F726564536E617073686F7471007E0041787000FFFFFFFF0000010071007E001371007E003874002D636F6D2E6D6963726F736572766963652E61757468736572766963652E6D6F64656C2E557365722E726F6C6573707371007E001E3F400000000000017708000000020000000171007E001071007E0010787371007E0027770C000000103F4000000000000171007E0010787400046D697861, '913b3fad02421644ff2de4bfd696dc99');
INSERT INTO authusers.oauth_access_token (token_id, token, authentication_id, user_name, client_id, authentication, refresh_token) VALUES ('cd8b8f5cd7d805e3374d5cf651b43db6', 0xACED0005737200436F72672E737072696E676672616D65776F726B2E73656375726974792E6F61757468322E636F6D6D6F6E2E44656661756C744F4175746832416363657373546F6B656E0CB29E361B24FACE0200064C00156164646974696F6E616C496E666F726D6174696F6E74000F4C6A6176612F7574696C2F4D61703B4C000A65787069726174696F6E7400104C6A6176612F7574696C2F446174653B4C000C72656672657368546F6B656E74003F4C6F72672F737072696E676672616D65776F726B2F73656375726974792F6F61757468322F636F6D6D6F6E2F4F417574683252656672657368546F6B656E3B4C000573636F706574000F4C6A6176612F7574696C2F5365743B4C0009746F6B656E547970657400124C6A6176612F6C616E672F537472696E673B4C000576616C756571007E000578707372001E6A6176612E7574696C2E436F6C6C656374696F6E7324456D7074794D6170593614855ADCE7D002000078707372000E6A6176612E7574696C2E44617465686A81014B597419030000787077080000016FFD72E509787372004C6F72672E737072696E676672616D65776F726B2E73656375726974792E6F61757468322E636F6D6D6F6E2E44656661756C744578706972696E674F417574683252656672657368546F6B656E2FDF47639DD0C9B70200014C000A65787069726174696F6E71007E0002787200446F72672E737072696E676672616D65776F726B2E73656375726974792E6F61757468322E636F6D6D6F6E2E44656661756C744F417574683252656672657368546F6B656E73E10E0A6354D45E0200014C000576616C756571007E0005787074002432326135363335342D396563342D346265632D396631652D3763386164383632326133317371007E000977080000017008391D8D78737200256A6176612E7574696C2E436F6C6C656374696F6E7324556E6D6F6469666961626C65536574801D92D18F9B80550200007872002C6A6176612E7574696C2E436F6C6C656374696F6E7324556E6D6F6469666961626C65436F6C6C656374696F6E19420080CB5EF71E0200014C0001637400164C6A6176612F7574696C2F436F6C6C656374696F6E3B7870737200176A6176612E7574696C2E4C696E6B656448617368536574D86CD75A95DD2A1E020000787200116A6176612E7574696C2E48617368536574BA44859596B8B7340300007870770C000000023F400000000000017400067365727665727874000662656172657274002465633731666564372D623332332D343062342D613534662D636137343265316238396234, '28bb325016cbda467fc09976972d3dd1', null, '_CsfltCDjn-RPgxf6hHEjetUIYQDaMa8gM5hpqE-j2A', 0xACED0005737200416F72672E737072696E676672616D65776F726B2E73656375726974792E6F61757468322E70726F76696465722E4F417574683241757468656E7469636174696F6EBD400B02166252130200024C000D73746F7265645265717565737474003C4C6F72672F737072696E676672616D65776F726B2F73656375726974792F6F61757468322F70726F76696465722F4F4175746832526571756573743B4C00127573657241757468656E7469636174696F6E7400324C6F72672F737072696E676672616D65776F726B2F73656375726974792F636F72652F41757468656E7469636174696F6E3B787200476F72672E737072696E676672616D65776F726B2E73656375726974792E61757468656E7469636174696F6E2E416273747261637441757468656E7469636174696F6E546F6B656ED3AA287E6E47640E0200035A000D61757468656E746963617465644C000B617574686F7269746965737400164C6A6176612F7574696C2F436F6C6C656374696F6E3B4C000764657461696C737400124C6A6176612F6C616E672F4F626A6563743B787000737200266A6176612E7574696C2E436F6C6C656374696F6E7324556E6D6F6469666961626C654C697374FC0F2531B5EC8E100200014C00046C6973747400104C6A6176612F7574696C2F4C6973743B7872002C6A6176612E7574696C2E436F6C6C656374696F6E7324556E6D6F6469666961626C65436F6C6C656374696F6E19420080CB5EF71E0200014C00016371007E00047870737200136A6176612E7574696C2E41727261794C6973747881D21D99C7619D03000149000473697A657870000000007704000000007871007E000C707372003A6F72672E737072696E676672616D65776F726B2E73656375726974792E6F61757468322E70726F76696465722E4F41757468325265717565737400000000000000010200075A0008617070726F7665644C000B617574686F72697469657371007E00044C000A657874656E73696F6E7374000F4C6A6176612F7574696C2F4D61703B4C000B72656469726563745572697400124C6A6176612F6C616E672F537472696E673B4C00077265667265736874003B4C6F72672F737072696E676672616D65776F726B2F73656375726974792F6F61757468322F70726F76696465722F546F6B656E526571756573743B4C000B7265736F7572636549647374000F4C6A6176612F7574696C2F5365743B4C000D726573706F6E7365547970657371007E0011787200386F72672E737072696E676672616D65776F726B2E73656375726974792E6F61757468322E70726F76696465722E426173655265717565737436287A3EA37169BD0200034C0008636C69656E74496471007E000F4C001172657175657374506172616D657465727371007E000E4C000573636F706571007E0011787074002B5F4373666C7443446A6E2D5250677866366848456A65745549595144614D6138674D35687071452D6A3241737200256A6176612E7574696C2E436F6C6C656374696F6E7324556E6D6F6469666961626C654D6170F1A5A8FE74F507420200014C00016D71007E000E7870737200116A6176612E7574696C2E486173684D61700507DAC1C31660D103000246000A6C6F6164466163746F724900097468726573686F6C6478703F400000000000067708000000080000000374000A6772616E745F74797065740012636C69656E745F63726564656E7469616C73740009636C69656E745F696474002B5F4373666C7443446A6E2D5250677866366848456A65745549595144614D6138674D35687071452D6A324174000573636F706574000673657276657278737200256A6176612E7574696C2E436F6C6C656374696F6E7324556E6D6F6469666961626C65536574801D92D18F9B80550200007871007E0009737200176A6176612E7574696C2E4C696E6B656448617368536574D86CD75A95DD2A1E020000787200116A6176612E7574696C2E48617368536574BA44859596B8B7340300007870770C000000103F4000000000000171007E001E78017371007E0022770C000000103F40000000000000787371007E00173F40000000000000770800000010000000007870707371007E0022770C000000103F40000000000000787371007E0022770C000000103F400000000000007870, '0173f48ebdf45a3cfc3afb88dd9d5890');
INSERT INTO authusers.oauth_access_token (token_id, token, authentication_id, user_name, client_id, authentication, refresh_token) VALUES ('d7394fefc686ba0fbfe2f1d86416df23', 0xACED0005737200436F72672E737072696E676672616D65776F726B2E73656375726974792E6F61757468322E636F6D6D6F6E2E44656661756C744F4175746832416363657373546F6B656E0CB29E361B24FACE0200064C00156164646974696F6E616C496E666F726D6174696F6E74000F4C6A6176612F7574696C2F4D61703B4C000A65787069726174696F6E7400104C6A6176612F7574696C2F446174653B4C000C72656672657368546F6B656E74003F4C6F72672F737072696E676672616D65776F726B2F73656375726974792F6F61757468322F636F6D6D6F6E2F4F417574683252656672657368546F6B656E3B4C000573636F706574000F4C6A6176612F7574696C2F5365743B4C0009746F6B656E547970657400124C6A6176612F6C616E672F537472696E673B4C000576616C756571007E000578707372001E6A6176612E7574696C2E436F6C6C656374696F6E7324456D7074794D6170593614855ADCE7D002000078707372000E6A6176612E7574696C2E44617465686A81014B597419030000787077080000016FF9E5B5A2787372004C6F72672E737072696E676672616D65776F726B2E73656375726974792E6F61757468322E636F6D6D6F6E2E44656661756C744578706972696E674F417574683252656672657368546F6B656E2FDF47639DD0C9B70200014C000A65787069726174696F6E71007E0002787200446F72672E737072696E676672616D65776F726B2E73656375726974792E6F61757468322E636F6D6D6F6E2E44656661756C744F417574683252656672657368546F6B656E73E10E0A6354D45E0200014C000576616C756571007E0005787074002437336266646536622D333839352D346134342D383361612D3462306438663632636535327371007E0009770800000170082ECF8B78737200256A6176612E7574696C2E436F6C6C656374696F6E7324556E6D6F6469666961626C65536574801D92D18F9B80550200007872002C6A6176612E7574696C2E436F6C6C656374696F6E7324556E6D6F6469666961626C65436F6C6C656374696F6E19420080CB5EF71E0200014C0001637400164C6A6176612F7574696C2F436F6C6C656374696F6E3B7870737200176A6176612E7574696C2E4C696E6B656448617368536574D86CD75A95DD2A1E020000787200116A6176612E7574696C2E48617368536574BA44859596B8B7340300007870770C000000043F400000000000027400047265616474000577726974657874000662656172657274002463323630623533622D323330312D346337652D626238622D313161363266643830633130, 'c534357f0d76f8185c9ca75651713948', 'marko', 'oauthorize', 0xACED0005737200416F72672E737072696E676672616D65776F726B2E73656375726974792E6F61757468322E70726F76696465722E4F417574683241757468656E7469636174696F6EBD400B02166252130200024C000D73746F7265645265717565737474003C4C6F72672F737072696E676672616D65776F726B2F73656375726974792F6F61757468322F70726F76696465722F4F4175746832526571756573743B4C00127573657241757468656E7469636174696F6E7400324C6F72672F737072696E676672616D65776F726B2F73656375726974792F636F72652F41757468656E7469636174696F6E3B787200476F72672E737072696E676672616D65776F726B2E73656375726974792E61757468656E7469636174696F6E2E416273747261637441757468656E7469636174696F6E546F6B656ED3AA287E6E47640E0200035A000D61757468656E746963617465644C000B617574686F7269746965737400164C6A6176612F7574696C2F436F6C6C656374696F6E3B4C000764657461696C737400124C6A6176612F6C616E672F4F626A6563743B787000737200266A6176612E7574696C2E436F6C6C656374696F6E7324556E6D6F6469666961626C654C697374FC0F2531B5EC8E100200014C00046C6973747400104C6A6176612F7574696C2F4C6973743B7872002C6A6176612E7574696C2E436F6C6C656374696F6E7324556E6D6F6469666961626C65436F6C6C656374696F6E19420080CB5EF71E0200014C00016371007E00047870737200136A6176612E7574696C2E41727261794C6973747881D21D99C7619D03000149000473697A6578700000000177040000000173720027636F6D2E6D6963726F736572766963652E61757468736572766963652E6D6F64656C2E526F6C65F5771CB91D3C706E0200024C000269647400104C6A6176612F6C616E672F4C6F6E673B4C00046E616D657400124C6A6176612F6C616E672F537472696E673B78707372000E6A6176612E6C616E672E4C6F6E673B8BE490CC8F23DF0200014A000576616C7565787200106A6176612E6C616E672E4E756D62657286AC951D0B94E08B02000078700000000000000001740009524F4C455F555345527871007E000C707372003A6F72672E737072696E676672616D65776F726B2E73656375726974792E6F61757468322E70726F76696465722E4F41757468325265717565737400000000000000010200075A0008617070726F7665644C000B617574686F72697469657371007E00044C000A657874656E73696F6E7374000F4C6A6176612F7574696C2F4D61703B4C000B726564697265637455726971007E000F4C00077265667265736874003B4C6F72672F737072696E676672616D65776F726B2F73656375726974792F6F61757468322F70726F76696465722F546F6B656E526571756573743B4C000B7265736F7572636549647374000F4C6A6176612F7574696C2F5365743B4C000D726573706F6E7365547970657371007E0018787200386F72672E737072696E676672616D65776F726B2E73656375726974792E6F61757468322E70726F76696465722E426173655265717565737436287A3EA37169BD0200034C0008636C69656E74496471007E000F4C001172657175657374506172616D657465727371007E00164C000573636F706571007E0018787074000A6F617574686F72697A65737200256A6176612E7574696C2E436F6C6C656374696F6E7324556E6D6F6469666961626C654D6170F1A5A8FE74F507420200014C00016D71007E00167870737200116A6176612E7574696C2E486173684D61700507DAC1C31660D103000246000A6C6F6164466163746F724900097468726573686F6C6478703F400000000000037708000000040000000274000A6772616E745F7479706574000870617373776F7264740008757365726E616D657400056D61726B6F78737200256A6176612E7574696C2E436F6C6C656374696F6E7324556E6D6F6469666961626C65536574801D92D18F9B80550200007871007E0009737200176A6176612E7574696C2E4C696E6B656448617368536574D86CD75A95DD2A1E020000787200116A6176612E7574696C2E48617368536574BA44859596B8B7340300007870770C000000103F4000000000000274000472656164740005777269746578017371007E0027770C000000103F40000000000000787371007E001E3F40000000000000770800000010000000007870707371007E0027770C000000103F40000000000000787371007E0027770C000000103F40000000000000787372004F6F72672E737072696E676672616D65776F726B2E73656375726974792E61757468656E7469636174696F6E2E557365726E616D6550617373776F726441757468656E7469636174696F6E546F6B656E00000000000001FE0200024C000B63726564656E7469616C7371007E00054C00097072696E636970616C71007E00057871007E0003017371007E00077371007E000B0000000177040000000171007E00107871007E0032737200176A6176612E7574696C2E4C696E6B6564486173684D617034C04E5C106CC0FB0200015A000B6163636573734F726465727871007E001E3F400000000000067708000000080000000271007E002071007E002171007E002271007E002378007073720027636F6D2E6D6963726F736572766963652E61757468736572766963652E6D6F64656C2E5573657236A9E1FF029C74BD02000A4C0005656D61696C71007E000F4C000966697273744E616D6571007E000F4C0002696471007E000E4C00096973456E61626C65647400134C6A6176612F6C616E672F426F6F6C65616E3B4C000A6973566572696669656471007E00364C00086C6173744E616D6571007E000F4C00156C61737450617373776F72645265736574446174657400104C6A6176612F7574696C2F446174653B4C000870617373776F726471007E000F4C0005726F6C657371007E00184C0008757365726E616D6571007E000F7870740012643134373632373340757268656E2E636F6D7400054D61726B6F7371007E00110000000000000004737200116A6176612E6C616E672E426F6F6C65616ECD207280D59CFAEE0200015A000576616C756578700171007E003D7400084D61726B6F7669637074003C2432612431302446396D5838654D726758464F4C7657663078477272654148744236304A767067774476325A3275783069644B4D36346A786E414A657372002F6F72672E68696265726E6174652E636F6C6C656374696F6E2E696E7465726E616C2E50657273697374656E745365748B47EF79D4C9917D0200014C000373657471007E00187872003E6F72672E68696265726E6174652E636F6C6C656374696F6E2E696E7465726E616C2E416273747261637450657273697374656E74436F6C6C656374696F6E5718B75D8ABA735402000B5A001B616C6C6F774C6F61644F7574736964655472616E73616374696F6E49000A63616368656453697A655A000564697274795A000E656C656D656E7452656D6F7665645A000B696E697469616C697A65645A000D697354656D7053657373696F6E4C00036B65797400164C6A6176612F696F2F53657269616C697A61626C653B4C00056F776E657271007E00054C0004726F6C6571007E000F4C001273657373696F6E466163746F72795575696471007E000F4C000E73746F726564536E617073686F7471007E0042787000FFFFFFFF0000010071007E003B71007E003874002D636F6D2E6D6963726F736572766963652E61757468736572766963652E6D6F64656C2E557365722E726F6C6573707371007E001E3F400000000000017708000000020000000171007E001071007E0010787371007E0027770C000000103F4000000000000171007E0010787400056D61726B6F, 'a6ad34e85d5aaadc3a150e08d26d6750');
INSERT INTO authusers.oauth_access_token (token_id, token, authentication_id, user_name, client_id, authentication, refresh_token) VALUES ('ff62b542b055c9442af8a7dca0bf89f4', 0xACED0005737200436F72672E737072696E676672616D65776F726B2E73656375726974792E6F61757468322E636F6D6D6F6E2E44656661756C744F4175746832416363657373546F6B656E0CB29E361B24FACE0200064C00156164646974696F6E616C496E666F726D6174696F6E74000F4C6A6176612F7574696C2F4D61703B4C000A65787069726174696F6E7400104C6A6176612F7574696C2F446174653B4C000C72656672657368546F6B656E74003F4C6F72672F737072696E676672616D65776F726B2F73656375726974792F6F61757468322F636F6D6D6F6E2F4F417574683252656672657368546F6B656E3B4C000573636F706574000F4C6A6176612F7574696C2F5365743B4C0009746F6B656E547970657400124C6A6176612F6C616E672F537472696E673B4C000576616C756571007E000578707372001E6A6176612E7574696C2E436F6C6C656374696F6E7324456D7074794D6170593614855ADCE7D002000078707372000E6A6176612E7574696C2E44617465686A81014B597419030000787077080000016FFE163E8D787372004C6F72672E737072696E676672616D65776F726B2E73656375726974792E6F61757468322E636F6D6D6F6E2E44656661756C744578706972696E674F417574683252656672657368546F6B656E2FDF47639DD0C9B70200014C000A65787069726174696F6E71007E0002787200446F72672E737072696E676672616D65776F726B2E73656375726974792E6F61757468322E636F6D6D6F6E2E44656661756C744F417574683252656672657368546F6B656E73E10E0A6354D45E0200014C000576616C756571007E0005787074002431623865396263352D396239662D343034372D626236322D3333646136666532383731387371007E0009770800000170076F67D878737200256A6176612E7574696C2E436F6C6C656374696F6E7324556E6D6F6469666961626C65536574801D92D18F9B80550200007872002C6A6176612E7574696C2E436F6C6C656374696F6E7324556E6D6F6469666961626C65436F6C6C656374696F6E19420080CB5EF71E0200014C0001637400164C6A6176612F7574696C2F436F6C6C656374696F6E3B7870737200176A6176612E7574696C2E4C696E6B656448617368536574D86CD75A95DD2A1E020000787200116A6176612E7574696C2E48617368536574BA44859596B8B7340300007870770C000000043F400000000000027400047265616474000577726974657874000662656172657274002434613837323438372D666562322D343362652D623461652D643131646165623066613138, 'f37492701703401dc1aeec58843be1c8', null, 'oauthorize', 0xACED0005737200416F72672E737072696E676672616D65776F726B2E73656375726974792E6F61757468322E70726F76696465722E4F417574683241757468656E7469636174696F6EBD400B02166252130200024C000D73746F7265645265717565737474003C4C6F72672F737072696E676672616D65776F726B2F73656375726974792F6F61757468322F70726F76696465722F4F4175746832526571756573743B4C00127573657241757468656E7469636174696F6E7400324C6F72672F737072696E676672616D65776F726B2F73656375726974792F636F72652F41757468656E7469636174696F6E3B787200476F72672E737072696E676672616D65776F726B2E73656375726974792E61757468656E7469636174696F6E2E416273747261637441757468656E7469636174696F6E546F6B656ED3AA287E6E47640E0200035A000D61757468656E746963617465644C000B617574686F7269746965737400164C6A6176612F7574696C2F436F6C6C656374696F6E3B4C000764657461696C737400124C6A6176612F6C616E672F4F626A6563743B787000737200266A6176612E7574696C2E436F6C6C656374696F6E7324556E6D6F6469666961626C654C697374FC0F2531B5EC8E100200014C00046C6973747400104C6A6176612F7574696C2F4C6973743B7872002C6A6176612E7574696C2E436F6C6C656374696F6E7324556E6D6F6469666961626C65436F6C6C656374696F6E19420080CB5EF71E0200014C00016371007E00047870737200136A6176612E7574696C2E41727261794C6973747881D21D99C7619D03000149000473697A657870000000007704000000007871007E000C707372003A6F72672E737072696E676672616D65776F726B2E73656375726974792E6F61757468322E70726F76696465722E4F41757468325265717565737400000000000000010200075A0008617070726F7665644C000B617574686F72697469657371007E00044C000A657874656E73696F6E7374000F4C6A6176612F7574696C2F4D61703B4C000B72656469726563745572697400124C6A6176612F6C616E672F537472696E673B4C00077265667265736874003B4C6F72672F737072696E676672616D65776F726B2F73656375726974792F6F61757468322F70726F76696465722F546F6B656E526571756573743B4C000B7265736F7572636549647374000F4C6A6176612F7574696C2F5365743B4C000D726573706F6E7365547970657371007E0011787200386F72672E737072696E676672616D65776F726B2E73656375726974792E6F61757468322E70726F76696465722E426173655265717565737436287A3EA37169BD0200034C0008636C69656E74496471007E000F4C001172657175657374506172616D657465727371007E000E4C000573636F706571007E0011787074000A6F617574686F72697A65737200256A6176612E7574696C2E436F6C6C656374696F6E7324556E6D6F6469666961626C654D6170F1A5A8FE74F507420200014C00016D71007E000E7870737200116A6176612E7574696C2E486173684D61700507DAC1C31660D103000246000A6C6F6164466163746F724900097468726573686F6C6478703F400000000000037708000000040000000274000A6772616E745F74797065740012636C69656E745F63726564656E7469616C7374000573636F706574000A7265616420777269746578737200256A6176612E7574696C2E436F6C6C656374696F6E7324556E6D6F6469666961626C65536574801D92D18F9B80550200007871007E0009737200176A6176612E7574696C2E4C696E6B656448617368536574D86CD75A95DD2A1E020000787200116A6176612E7574696C2E48617368536574BA44859596B8B7340300007870770C000000103F4000000000000274000472656164740005777269746578017371007E0020770C000000103F40000000000000787371007E00173F40000000000000770800000010000000007870707371007E0020770C000000103F40000000000000787371007E0020770C000000103F400000000000007870, '0b941b3635ddd3539792d8bad0fec717');
INSERT INTO authusers.oauth_client_details (client_id, resource_ids, client_secret, scope, authorized_grant_types, web_server_redirect_uri, authorities, access_token_validity, refresh_token_validity, additional_information, autoapprove) VALUES ('_CsfltCDjn-RPgxf6hHEjetUIYQDaMa8gM5hpqE-j2A', null, '$2a$10$WIg2MPoos1wbcT5nYzJIbeaCkmRk9pftVboHCaIONuolSzvNHJw7W', 'server', 'refresh_token,client_credentials', null, '', 36000, 360000, null, 'true');
INSERT INTO authusers.oauth_client_details (client_id, resource_ids, client_secret, scope, authorized_grant_types, web_server_redirect_uri, authorities, access_token_validity, refresh_token_validity, additional_information, autoapprove) VALUES ('94IViWOlyjr_vKhFTiUgLvMR0JeF4IjUXGD0T_HVELU', null, '$2a$10$djOGdcGVUr.WVxn1oZvqOu3rAShrmtrc9JFcXlnQzx/DsmHKJ/bjW', 'server', 'refresh_token,client_credentials', null, '', 36000, 360000, null, 'true');
INSERT INTO authusers.oauth_client_details (client_id, resource_ids, client_secret, scope, authorized_grant_types, web_server_redirect_uri, authorities, access_token_validity, refresh_token_validity, additional_information, autoapprove) VALUES ('Jf9r3o_0k2XFhQGBjob3Uea1Uhg8b3-z7eG2nP0djUc', null, '$2a$10$qrxQSmyKFVM1pha5AzAejOedcibj4SUT0cq8H/DR1Ia9LZa./eCjO', 'server', 'refresh_token,client_credentials', null, '', 36000, 360000, null, 'true');
INSERT INTO authusers.oauth_client_details (client_id, resource_ids, client_secret, scope, authorized_grant_types, web_server_redirect_uri, authorities, access_token_validity, refresh_token_validity, additional_information, autoapprove) VALUES ('oauthorize', null, '$2a$10$uvgzdEDFLl9mSCAWK6w.i.ZIZ7eSizqziPly.nOWpAUvZ1Mp3LYju', 'read,write', 'password,refresh_token,client_credentials', null, null, 36000, 360000, null, 'true');
INSERT INTO authusers.oauth_client_details (client_id, resource_ids, client_secret, scope, authorized_grant_types, web_server_redirect_uri, authorities, access_token_validity, refresh_token_validity, additional_information, autoapprove) VALUES ('oYIfyd1Hnoc5nPC5B2N9OZhrs-SHoe9kVeUJ9HCYoWI', null, '$2a$10$C5qitI52j1b4bllEOZSzOeEY7hrNOrRjClor1cKZecCuFl64foWUO', 'server', 'refresh_token,client_credentials', null, '', 36000, 360000, null, 'true');
INSERT INTO authusers.oauth_client_details (client_id, resource_ids, client_secret, scope, authorized_grant_types, web_server_redirect_uri, authorities, access_token_validity, refresh_token_validity, additional_information, autoapprove) VALUES ('Zd7AmbccoV18ig7f9Kv7IuRCU8sAb25KqbDsQQ-_KgE', null, '$2a$10$uMUwH4IRs5i6HDd82Iz9lef6tjhkmiifvBfKydwliuFGfTIIX4qy6', 'server', 'refresh_token,client_credentials', null, '', 36000, 360000, null, 'true');
INSERT INTO authusers.oauth_refresh_token (token_id, token, authentication) VALUES ('913b3fad02421644ff2de4bfd696dc99', 0xACED00057372004C6F72672E737072696E676672616D65776F726B2E73656375726974792E6F61757468322E636F6D6D6F6E2E44656661756C744578706972696E674F417574683252656672657368546F6B656E2FDF47639DD0C9B70200014C000A65787069726174696F6E7400104C6A6176612F7574696C2F446174653B787200446F72672E737072696E676672616D65776F726B2E73656375726974792E6F61757468322E636F6D6D6F6E2E44656661756C744F417574683252656672657368546F6B656E73E10E0A6354D45E0200014C000576616C75657400124C6A6176612F6C616E672F537472696E673B787074002463356265386237302D616338382D346538362D613662322D3935326563383537653234337372000E6A6176612E7574696C2E44617465686A81014B597419030000787077080000017006CA683F78, 0xACED0005737200416F72672E737072696E676672616D65776F726B2E73656375726974792E6F61757468322E70726F76696465722E4F417574683241757468656E7469636174696F6EBD400B02166252130200024C000D73746F7265645265717565737474003C4C6F72672F737072696E676672616D65776F726B2F73656375726974792F6F61757468322F70726F76696465722F4F4175746832526571756573743B4C00127573657241757468656E7469636174696F6E7400324C6F72672F737072696E676672616D65776F726B2F73656375726974792F636F72652F41757468656E7469636174696F6E3B787200476F72672E737072696E676672616D65776F726B2E73656375726974792E61757468656E7469636174696F6E2E416273747261637441757468656E7469636174696F6E546F6B656ED3AA287E6E47640E0200035A000D61757468656E746963617465644C000B617574686F7269746965737400164C6A6176612F7574696C2F436F6C6C656374696F6E3B4C000764657461696C737400124C6A6176612F6C616E672F4F626A6563743B787000737200266A6176612E7574696C2E436F6C6C656374696F6E7324556E6D6F6469666961626C654C697374FC0F2531B5EC8E100200014C00046C6973747400104C6A6176612F7574696C2F4C6973743B7872002C6A6176612E7574696C2E436F6C6C656374696F6E7324556E6D6F6469666961626C65436F6C6C656374696F6E19420080CB5EF71E0200014C00016371007E00047870737200136A6176612E7574696C2E41727261794C6973747881D21D99C7619D03000149000473697A6578700000000177040000000173720027636F6D2E6D6963726F736572766963652E61757468736572766963652E6D6F64656C2E526F6C65F5771CB91D3C706E0200024C000269647400104C6A6176612F6C616E672F4C6F6E673B4C00046E616D657400124C6A6176612F6C616E672F537472696E673B78707372000E6A6176612E6C616E672E4C6F6E673B8BE490CC8F23DF0200014A000576616C7565787200106A6176612E6C616E672E4E756D62657286AC951D0B94E08B02000078700000000000000001740009524F4C455F555345527871007E000C707372003A6F72672E737072696E676672616D65776F726B2E73656375726974792E6F61757468322E70726F76696465722E4F41757468325265717565737400000000000000010200075A0008617070726F7665644C000B617574686F72697469657371007E00044C000A657874656E73696F6E7374000F4C6A6176612F7574696C2F4D61703B4C000B726564697265637455726971007E000F4C00077265667265736874003B4C6F72672F737072696E676672616D65776F726B2F73656375726974792F6F61757468322F70726F76696465722F546F6B656E526571756573743B4C000B7265736F7572636549647374000F4C6A6176612F7574696C2F5365743B4C000D726573706F6E7365547970657371007E0018787200386F72672E737072696E676672616D65776F726B2E73656375726974792E6F61757468322E70726F76696465722E426173655265717565737436287A3EA37169BD0200034C0008636C69656E74496471007E000F4C001172657175657374506172616D657465727371007E00164C000573636F706571007E0018787074000A6F617574686F72697A65737200256A6176612E7574696C2E436F6C6C656374696F6E7324556E6D6F6469666961626C654D6170F1A5A8FE74F507420200014C00016D71007E00167870737200116A6176612E7574696C2E486173684D61700507DAC1C31660D103000246000A6C6F6164466163746F724900097468726573686F6C6478703F400000000000037708000000040000000274000A6772616E745F7479706574000870617373776F7264740008757365726E616D657400046D69786178737200256A6176612E7574696C2E436F6C6C656374696F6E7324556E6D6F6469666961626C65536574801D92D18F9B80550200007871007E0009737200176A6176612E7574696C2E4C696E6B656448617368536574D86CD75A95DD2A1E020000787200116A6176612E7574696C2E48617368536574BA44859596B8B7340300007870770C000000103F4000000000000274000472656164740005777269746578017371007E0027770C000000103F40000000000000787371007E001E3F40000000000000770800000010000000007870707371007E0027770C000000103F40000000000000787371007E0027770C000000103F40000000000000787372004F6F72672E737072696E676672616D65776F726B2E73656375726974792E61757468656E7469636174696F6E2E557365726E616D6550617373776F726441757468656E7469636174696F6E546F6B656E00000000000001FE0200024C000B63726564656E7469616C7371007E00054C00097072696E636970616C71007E00057871007E0003017371007E00077371007E000B0000000177040000000171007E00107871007E0032737200176A6176612E7574696C2E4C696E6B6564486173684D617034C04E5C106CC0FB0200015A000B6163636573734F726465727871007E001E3F400000000000067708000000080000000271007E002071007E002171007E002271007E002378007073720027636F6D2E6D6963726F736572766963652E61757468736572766963652E6D6F64656C2E5573657236A9E1FF029C74BD02000A4C0005656D61696C71007E000F4C000966697273744E616D6571007E000F4C0002696471007E000E4C00096973456E61626C65647400134C6A6176612F6C616E672F426F6F6C65616E3B4C000A6973566572696669656471007E00364C00086C6173744E616D6571007E000F4C00156C61737450617373776F72645265736574446174657400104C6A6176612F7574696C2F446174653B4C000870617373776F726471007E000F4C0005726F6C657371007E00184C0008757365726E616D6571007E000F787074000D6D61696C406D61696C2E636F6D7400034D697871007E0013737200116A6176612E6C616E672E426F6F6C65616ECD207280D59CFAEE0200015A000576616C756578700171007E003C7400074D69786F7669637074003C2432612431302437422E6256714B32554D7A39304730714B6471626A2E6532386A3769754C465543786D462F747A4335646C55496F51625046556A797372002F6F72672E68696265726E6174652E636F6C6C656374696F6E2E696E7465726E616C2E50657273697374656E745365748B47EF79D4C9917D0200014C000373657471007E00187872003E6F72672E68696265726E6174652E636F6C6C656374696F6E2E696E7465726E616C2E416273747261637450657273697374656E74436F6C6C656374696F6E5718B75D8ABA735402000B5A001B616C6C6F774C6F61644F7574736964655472616E73616374696F6E49000A63616368656453697A655A000564697274795A000E656C656D656E7452656D6F7665645A000B696E697469616C697A65645A000D697354656D7053657373696F6E4C00036B65797400164C6A6176612F696F2F53657269616C697A61626C653B4C00056F776E657271007E00054C0004726F6C6571007E000F4C001273657373696F6E466163746F72795575696471007E000F4C000E73746F726564536E617073686F7471007E0041787000FFFFFFFF0000010071007E001371007E003874002D636F6D2E6D6963726F736572766963652E61757468736572766963652E6D6F64656C2E557365722E726F6C6573707371007E001E3F400000000000017708000000020000000171007E001071007E0010787371007E0027770C000000103F4000000000000171007E0010787400046D697861);
INSERT INTO authusers.oauth_refresh_token (token_id, token, authentication) VALUES ('a6ad34e85d5aaadc3a150e08d26d6750', 0xACED00057372004C6F72672E737072696E676672616D65776F726B2E73656375726974792E6F61757468322E636F6D6D6F6E2E44656661756C744578706972696E674F417574683252656672657368546F6B656E2FDF47639DD0C9B70200014C000A65787069726174696F6E7400104C6A6176612F7574696C2F446174653B787200446F72672E737072696E676672616D65776F726B2E73656375726974792E6F61757468322E636F6D6D6F6E2E44656661756C744F417574683252656672657368546F6B656E73E10E0A6354D45E0200014C000576616C75657400124C6A6176612F6C616E672F537472696E673B787074002437336266646536622D333839352D346134342D383361612D3462306438663632636535327372000E6A6176612E7574696C2E44617465686A81014B5974190300007870770800000170082ECF8B78, 0xACED0005737200416F72672E737072696E676672616D65776F726B2E73656375726974792E6F61757468322E70726F76696465722E4F417574683241757468656E7469636174696F6EBD400B02166252130200024C000D73746F7265645265717565737474003C4C6F72672F737072696E676672616D65776F726B2F73656375726974792F6F61757468322F70726F76696465722F4F4175746832526571756573743B4C00127573657241757468656E7469636174696F6E7400324C6F72672F737072696E676672616D65776F726B2F73656375726974792F636F72652F41757468656E7469636174696F6E3B787200476F72672E737072696E676672616D65776F726B2E73656375726974792E61757468656E7469636174696F6E2E416273747261637441757468656E7469636174696F6E546F6B656ED3AA287E6E47640E0200035A000D61757468656E746963617465644C000B617574686F7269746965737400164C6A6176612F7574696C2F436F6C6C656374696F6E3B4C000764657461696C737400124C6A6176612F6C616E672F4F626A6563743B787000737200266A6176612E7574696C2E436F6C6C656374696F6E7324556E6D6F6469666961626C654C697374FC0F2531B5EC8E100200014C00046C6973747400104C6A6176612F7574696C2F4C6973743B7872002C6A6176612E7574696C2E436F6C6C656374696F6E7324556E6D6F6469666961626C65436F6C6C656374696F6E19420080CB5EF71E0200014C00016371007E00047870737200136A6176612E7574696C2E41727261794C6973747881D21D99C7619D03000149000473697A6578700000000177040000000173720027636F6D2E6D6963726F736572766963652E61757468736572766963652E6D6F64656C2E526F6C65F5771CB91D3C706E0200024C000269647400104C6A6176612F6C616E672F4C6F6E673B4C00046E616D657400124C6A6176612F6C616E672F537472696E673B78707372000E6A6176612E6C616E672E4C6F6E673B8BE490CC8F23DF0200014A000576616C7565787200106A6176612E6C616E672E4E756D62657286AC951D0B94E08B02000078700000000000000001740009524F4C455F555345527871007E000C707372003A6F72672E737072696E676672616D65776F726B2E73656375726974792E6F61757468322E70726F76696465722E4F41757468325265717565737400000000000000010200075A0008617070726F7665644C000B617574686F72697469657371007E00044C000A657874656E73696F6E7374000F4C6A6176612F7574696C2F4D61703B4C000B726564697265637455726971007E000F4C00077265667265736874003B4C6F72672F737072696E676672616D65776F726B2F73656375726974792F6F61757468322F70726F76696465722F546F6B656E526571756573743B4C000B7265736F7572636549647374000F4C6A6176612F7574696C2F5365743B4C000D726573706F6E7365547970657371007E0018787200386F72672E737072696E676672616D65776F726B2E73656375726974792E6F61757468322E70726F76696465722E426173655265717565737436287A3EA37169BD0200034C0008636C69656E74496471007E000F4C001172657175657374506172616D657465727371007E00164C000573636F706571007E0018787074000A6F617574686F72697A65737200256A6176612E7574696C2E436F6C6C656374696F6E7324556E6D6F6469666961626C654D6170F1A5A8FE74F507420200014C00016D71007E00167870737200116A6176612E7574696C2E486173684D61700507DAC1C31660D103000246000A6C6F6164466163746F724900097468726573686F6C6478703F400000000000037708000000040000000274000A6772616E745F7479706574000870617373776F7264740008757365726E616D657400056D61726B6F78737200256A6176612E7574696C2E436F6C6C656374696F6E7324556E6D6F6469666961626C65536574801D92D18F9B80550200007871007E0009737200176A6176612E7574696C2E4C696E6B656448617368536574D86CD75A95DD2A1E020000787200116A6176612E7574696C2E48617368536574BA44859596B8B7340300007870770C000000103F4000000000000274000472656164740005777269746578017371007E0027770C000000103F40000000000000787371007E001E3F40000000000000770800000010000000007870707371007E0027770C000000103F40000000000000787371007E0027770C000000103F40000000000000787372004F6F72672E737072696E676672616D65776F726B2E73656375726974792E61757468656E7469636174696F6E2E557365726E616D6550617373776F726441757468656E7469636174696F6E546F6B656E00000000000001FE0200024C000B63726564656E7469616C7371007E00054C00097072696E636970616C71007E00057871007E0003017371007E00077371007E000B0000000177040000000171007E00107871007E0032737200176A6176612E7574696C2E4C696E6B6564486173684D617034C04E5C106CC0FB0200015A000B6163636573734F726465727871007E001E3F400000000000067708000000080000000271007E002071007E002171007E002271007E002378007073720027636F6D2E6D6963726F736572766963652E61757468736572766963652E6D6F64656C2E5573657236A9E1FF029C74BD02000A4C0005656D61696C71007E000F4C000966697273744E616D6571007E000F4C0002696471007E000E4C00096973456E61626C65647400134C6A6176612F6C616E672F426F6F6C65616E3B4C000A6973566572696669656471007E00364C00086C6173744E616D6571007E000F4C00156C61737450617373776F72645265736574446174657400104C6A6176612F7574696C2F446174653B4C000870617373776F726471007E000F4C0005726F6C657371007E00184C0008757365726E616D6571007E000F7870740012643134373632373340757268656E2E636F6D7400054D61726B6F7371007E00110000000000000004737200116A6176612E6C616E672E426F6F6C65616ECD207280D59CFAEE0200015A000576616C756578700171007E003D7400084D61726B6F7669637074003C2432612431302446396D5838654D726758464F4C7657663078477272654148744236304A767067774476325A3275783069644B4D36346A786E414A657372002F6F72672E68696265726E6174652E636F6C6C656374696F6E2E696E7465726E616C2E50657273697374656E745365748B47EF79D4C9917D0200014C000373657471007E00187872003E6F72672E68696265726E6174652E636F6C6C656374696F6E2E696E7465726E616C2E416273747261637450657273697374656E74436F6C6C656374696F6E5718B75D8ABA735402000B5A001B616C6C6F774C6F61644F7574736964655472616E73616374696F6E49000A63616368656453697A655A000564697274795A000E656C656D656E7452656D6F7665645A000B696E697469616C697A65645A000D697354656D7053657373696F6E4C00036B65797400164C6A6176612F696F2F53657269616C697A61626C653B4C00056F776E657271007E00054C0004726F6C6571007E000F4C001273657373696F6E466163746F72795575696471007E000F4C000E73746F726564536E617073686F7471007E0042787000FFFFFFFF0000010071007E003B71007E003874002D636F6D2E6D6963726F736572766963652E61757468736572766963652E6D6F64656C2E557365722E726F6C6573707371007E001E3F400000000000017708000000020000000171007E001071007E0010787371007E0027770C000000103F4000000000000171007E0010787400056D61726B6F);
INSERT INTO authusers.oauth_refresh_token (token_id, token, authentication) VALUES ('0173f48ebdf45a3cfc3afb88dd9d5890', 0xACED00057372004C6F72672E737072696E676672616D65776F726B2E73656375726974792E6F61757468322E636F6D6D6F6E2E44656661756C744578706972696E674F417574683252656672657368546F6B656E2FDF47639DD0C9B70200014C000A65787069726174696F6E7400104C6A6176612F7574696C2F446174653B787200446F72672E737072696E676672616D65776F726B2E73656375726974792E6F61757468322E636F6D6D6F6E2E44656661756C744F417574683252656672657368546F6B656E73E10E0A6354D45E0200014C000576616C75657400124C6A6176612F6C616E672F537472696E673B787074002432326135363335342D396563342D346265632D396631652D3763386164383632326133317372000E6A6176612E7574696C2E44617465686A81014B597419030000787077080000017008391D8D78, 0xACED0005737200416F72672E737072696E676672616D65776F726B2E73656375726974792E6F61757468322E70726F76696465722E4F417574683241757468656E7469636174696F6EBD400B02166252130200024C000D73746F7265645265717565737474003C4C6F72672F737072696E676672616D65776F726B2F73656375726974792F6F61757468322F70726F76696465722F4F4175746832526571756573743B4C00127573657241757468656E7469636174696F6E7400324C6F72672F737072696E676672616D65776F726B2F73656375726974792F636F72652F41757468656E7469636174696F6E3B787200476F72672E737072696E676672616D65776F726B2E73656375726974792E61757468656E7469636174696F6E2E416273747261637441757468656E7469636174696F6E546F6B656ED3AA287E6E47640E0200035A000D61757468656E746963617465644C000B617574686F7269746965737400164C6A6176612F7574696C2F436F6C6C656374696F6E3B4C000764657461696C737400124C6A6176612F6C616E672F4F626A6563743B787000737200266A6176612E7574696C2E436F6C6C656374696F6E7324556E6D6F6469666961626C654C697374FC0F2531B5EC8E100200014C00046C6973747400104C6A6176612F7574696C2F4C6973743B7872002C6A6176612E7574696C2E436F6C6C656374696F6E7324556E6D6F6469666961626C65436F6C6C656374696F6E19420080CB5EF71E0200014C00016371007E00047870737200136A6176612E7574696C2E41727261794C6973747881D21D99C7619D03000149000473697A657870000000007704000000007871007E000C707372003A6F72672E737072696E676672616D65776F726B2E73656375726974792E6F61757468322E70726F76696465722E4F41757468325265717565737400000000000000010200075A0008617070726F7665644C000B617574686F72697469657371007E00044C000A657874656E73696F6E7374000F4C6A6176612F7574696C2F4D61703B4C000B72656469726563745572697400124C6A6176612F6C616E672F537472696E673B4C00077265667265736874003B4C6F72672F737072696E676672616D65776F726B2F73656375726974792F6F61757468322F70726F76696465722F546F6B656E526571756573743B4C000B7265736F7572636549647374000F4C6A6176612F7574696C2F5365743B4C000D726573706F6E7365547970657371007E0011787200386F72672E737072696E676672616D65776F726B2E73656375726974792E6F61757468322E70726F76696465722E426173655265717565737436287A3EA37169BD0200034C0008636C69656E74496471007E000F4C001172657175657374506172616D657465727371007E000E4C000573636F706571007E0011787074002B5F4373666C7443446A6E2D5250677866366848456A65745549595144614D6138674D35687071452D6A3241737200256A6176612E7574696C2E436F6C6C656374696F6E7324556E6D6F6469666961626C654D6170F1A5A8FE74F507420200014C00016D71007E000E7870737200116A6176612E7574696C2E486173684D61700507DAC1C31660D103000246000A6C6F6164466163746F724900097468726573686F6C6478703F400000000000067708000000080000000374000A6772616E745F74797065740012636C69656E745F63726564656E7469616C73740009636C69656E745F696474002B5F4373666C7443446A6E2D5250677866366848456A65745549595144614D6138674D35687071452D6A324174000573636F706574000673657276657278737200256A6176612E7574696C2E436F6C6C656374696F6E7324556E6D6F6469666961626C65536574801D92D18F9B80550200007871007E0009737200176A6176612E7574696C2E4C696E6B656448617368536574D86CD75A95DD2A1E020000787200116A6176612E7574696C2E48617368536574BA44859596B8B7340300007870770C000000103F4000000000000171007E001E78017371007E0022770C000000103F40000000000000787371007E00173F40000000000000770800000010000000007870707371007E0022770C000000103F40000000000000787371007E0022770C000000103F400000000000007870);
INSERT INTO authusers.oauth_refresh_token (token_id, token, authentication) VALUES ('0b941b3635ddd3539792d8bad0fec717', 0xACED00057372004C6F72672E737072696E676672616D65776F726B2E73656375726974792E6F61757468322E636F6D6D6F6E2E44656661756C744578706972696E674F417574683252656672657368546F6B656E2FDF47639DD0C9B70200014C000A65787069726174696F6E7400104C6A6176612F7574696C2F446174653B787200446F72672E737072696E676672616D65776F726B2E73656375726974792E6F61757468322E636F6D6D6F6E2E44656661756C744F417574683252656672657368546F6B656E73E10E0A6354D45E0200014C000576616C75657400124C6A6176612F6C616E672F537472696E673B787074002431623865396263352D396239662D343034372D626236322D3333646136666532383731387372000E6A6176612E7574696C2E44617465686A81014B5974190300007870770800000170076F67D878, 0xACED0005737200416F72672E737072696E676672616D65776F726B2E73656375726974792E6F61757468322E70726F76696465722E4F417574683241757468656E7469636174696F6EBD400B02166252130200024C000D73746F7265645265717565737474003C4C6F72672F737072696E676672616D65776F726B2F73656375726974792F6F61757468322F70726F76696465722F4F4175746832526571756573743B4C00127573657241757468656E7469636174696F6E7400324C6F72672F737072696E676672616D65776F726B2F73656375726974792F636F72652F41757468656E7469636174696F6E3B787200476F72672E737072696E676672616D65776F726B2E73656375726974792E61757468656E7469636174696F6E2E416273747261637441757468656E7469636174696F6E546F6B656ED3AA287E6E47640E0200035A000D61757468656E746963617465644C000B617574686F7269746965737400164C6A6176612F7574696C2F436F6C6C656374696F6E3B4C000764657461696C737400124C6A6176612F6C616E672F4F626A6563743B787000737200266A6176612E7574696C2E436F6C6C656374696F6E7324556E6D6F6469666961626C654C697374FC0F2531B5EC8E100200014C00046C6973747400104C6A6176612F7574696C2F4C6973743B7872002C6A6176612E7574696C2E436F6C6C656374696F6E7324556E6D6F6469666961626C65436F6C6C656374696F6E19420080CB5EF71E0200014C00016371007E00047870737200136A6176612E7574696C2E41727261794C6973747881D21D99C7619D03000149000473697A657870000000007704000000007871007E000C707372003A6F72672E737072696E676672616D65776F726B2E73656375726974792E6F61757468322E70726F76696465722E4F41757468325265717565737400000000000000010200075A0008617070726F7665644C000B617574686F72697469657371007E00044C000A657874656E73696F6E7374000F4C6A6176612F7574696C2F4D61703B4C000B72656469726563745572697400124C6A6176612F6C616E672F537472696E673B4C00077265667265736874003B4C6F72672F737072696E676672616D65776F726B2F73656375726974792F6F61757468322F70726F76696465722F546F6B656E526571756573743B4C000B7265736F7572636549647374000F4C6A6176612F7574696C2F5365743B4C000D726573706F6E7365547970657371007E0011787200386F72672E737072696E676672616D65776F726B2E73656375726974792E6F61757468322E70726F76696465722E426173655265717565737436287A3EA37169BD0200034C0008636C69656E74496471007E000F4C001172657175657374506172616D657465727371007E000E4C000573636F706571007E0011787074000A6F617574686F72697A65737200256A6176612E7574696C2E436F6C6C656374696F6E7324556E6D6F6469666961626C654D6170F1A5A8FE74F507420200014C00016D71007E000E7870737200116A6176612E7574696C2E486173684D61700507DAC1C31660D103000246000A6C6F6164466163746F724900097468726573686F6C6478703F400000000000037708000000040000000274000A6772616E745F74797065740012636C69656E745F63726564656E7469616C7374000573636F706574000A7265616420777269746578737200256A6176612E7574696C2E436F6C6C656374696F6E7324556E6D6F6469666961626C65536574801D92D18F9B80550200007871007E0009737200176A6176612E7574696C2E4C696E6B656448617368536574D86CD75A95DD2A1E020000787200116A6176612E7574696C2E48617368536574BA44859596B8B7340300007870770C000000103F4000000000000274000472656164740005777269746578017371007E0020770C000000103F40000000000000787371007E00173F40000000000000770800000010000000007870707371007E0020770C000000103F40000000000000787371007E0020770C000000103F400000000000007870);
INSERT INTO authusers.role (id, name) VALUES (1, 'ROLE_USER');
INSERT INTO authusers.user (id, email, first_name, is_enabled, is_verified, last_name, last_password_reset_date, password, username) VALUES (1, 'mail@mail.com', 'Mix', true, true, 'Mixovic', null, '$2a$10$7B.bVqK2UMz90G0qKdqbj.e28j7iuLFUCxmF/tzC5dlUIoQbPFUjy', 'mixa');
INSERT INTO authusers.user (id, email, first_name, is_enabled, is_verified, last_name, last_password_reset_date, password, username) VALUES (4, 'd1476273@urhen.com', 'Marko', true, true, 'Markovic', null, '$2a$10$F9mX8eMrgXFOLvWf0xGrreAHtB60JvpgwDv2Z2ux0idKM64jxnAJe', 'marko');
INSERT INTO authusers.user (id, email, first_name, is_enabled, is_verified, last_name, last_password_reset_date, password, username) VALUES (6, 'd1486501@urhen.com', 'Jovan', true, true, 'Jovanovic', null, '$2a$10$VuI2.5hxTbaWwwXz003YFekmdkv3oTdu3KjxZ5/w1WDc2DFc7NLFS', 'jovan');
INSERT INTO authusers.user_roles (user_id, role_id) VALUES (1, 1);
INSERT INTO authusers.user_roles (user_id, role_id) VALUES (4, 1);
INSERT INTO authusers.user_roles (user_id, role_id) VALUES (6, 1);
INSERT INTO authusers.verification_token (id, expiry_date, verification_token, user_id) VALUES (1, '2020-01-30 17:54:28', 'afdc0907-dacc-4695-828f-ffd7978ae0e7', 2);
INSERT INTO authusers.verification_token (id, expiry_date, verification_token, user_id) VALUES (2, '2020-01-30 18:03:58', '4fe68c17-ee7f-4033-97d4-c2c0f6699b4a', 3);
INSERT INTO authusers.verification_token (id, expiry_date, verification_token, user_id) VALUES (3, '2020-01-30 18:15:38', 'c2663b1f-da22-4528-ba97-772d71daade5', 4);
INSERT INTO authusers.verification_token (id, expiry_date, verification_token, user_id) VALUES (4, '2020-01-30 19:04:04', '15cbc52a-9bc8-4447-826d-540e2b8166e8', 5);
INSERT INTO authusers.verification_token (id, expiry_date, verification_token, user_id) VALUES (5, '2020-01-30 19:08:52', 'd7047a96-d29b-4e85-bd24-490d9f116a61', 6);
INSERT INTO bank.account (id, amount, card_holder_name, card_number, cvv, expiration_date, merchant_id, merchant_password) VALUES (1, 200000, 'Veljko Mosorinski', '4716846686389639', '124', '2021-01-01 00:00:00', null, null);
INSERT INTO bank.account (id, amount, card_holder_name, card_number, cvv, expiration_date, merchant_id, merchant_password) VALUES (2, 100000, 'Milica Matijevic', '4532162819412930', '125', '2020-09-01 00:00:00', null, null);
INSERT INTO bank.account (id, amount, card_holder_name, card_number, cvv, expiration_date, merchant_id, merchant_password) VALUES (3, 145115, 'Mihajlo Levarski', '4213431880063716', '127', '2024-08-01 00:00:00', null, null);
INSERT INTO bank.account (id, amount, card_holder_name, card_number, cvv, expiration_date, merchant_id, merchant_password) VALUES (4, 1002335, 'Marko Markovic', '4716928798634613', '128', '2022-02-01 01:00:00', null, null);
INSERT INTO bank.account (id, amount, card_holder_name, card_number, cvv, expiration_date, merchant_id, merchant_password) VALUES (5, 564000, 'Ana Milic', '4716349918725522', '231', '2023-03-01 00:00:00', null, null);
INSERT INTO bank.account (id, amount, card_holder_name, card_number, cvv, expiration_date, merchant_id, merchant_password) VALUES (6, 47000, 'Nemanja Milankovic', '4929408964510502', '547', '2025-07-01 00:00:00', null, null);
INSERT INTO bank.account (id, amount, card_holder_name, card_number, cvv, expiration_date, merchant_id, merchant_password) VALUES (7, 56000, 'Nikolina Matic', '4916330160223513', '364', '2021-06-01 00:00:00', null, null);
INSERT INTO bank.account (id, amount, card_holder_name, card_number, cvv, expiration_date, merchant_id, merchant_password) VALUES (8, 23000, 'Marina Cosic', '4556467327167566', '145', '2021-02-01 00:00:00', null, null);
INSERT INTO bank.merchant (merchant_id, merchant_password, account_id) VALUES ('NEKI', 'NEKI', 4);
INSERT INTO bank.request (id, amount, error_url, failed_url, merchant_id, merchant_order_id, merchant_timestamp, payment_id, success_url, merchant_password) VALUES (1, 850, 'https://localhost:8765/pay/error/2845626631', 'https://localhost:8765/pay/failed/2845626631', 'FDSDGREGERGERGEGAAAA', 2845626631, '2020-01-24 21:28:20', 'f40c7112-7f8b-429a-b393-18dad41fc370', 'https://localhost:8765/pay/successful/2845626631', 'FDSAFSFASDFDASFDSAF');
INSERT INTO bank.request (id, amount, error_url, failed_url, merchant_id, merchant_order_id, merchant_timestamp, payment_id, success_url, merchant_password) VALUES (2, 500, 'https://localhost:8765/pay/error/7788620381', 'https://localhost:8765/pay/failed/7788620381', 'FDSDGREGERGERGEGAAAA', 7788620381, '2020-01-24 22:10:06', '958fcdf2-1f01-42c4-8959-678bfea99000', 'https://localhost:8765/pay/successful/7788620381', 'FDSAFSFASDFDASFDSAF');
INSERT INTO bank.request (id, amount, error_url, failed_url, merchant_id, merchant_order_id, merchant_timestamp, payment_id, success_url, merchant_password) VALUES (3, 100, 'https://localhost:8765/pay/error/9003142195', 'https://localhost:8765/pay/failed/9003142195', 'FDSDGREGERGERGEGAAAA', 9003142195, '2020-01-24 22:13:06', '0bd30cfa-437d-4912-bc54-1710228043c3', 'https://localhost:8765/pay/successful/9003142195', 'FDSAFSFASDFDASFDSAF');
INSERT INTO bank.request (id, amount, error_url, failed_url, merchant_id, merchant_order_id, merchant_timestamp, payment_id, success_url, merchant_password) VALUES (4, 5, 'https://localhost:8765/pay/error/6642758523', 'https://localhost:8765/pay/failed/6642758523', 'NEKI', 6642758523, '2020-01-31 15:43:54', '56c46406-9832-4521-a199-1590acc75111', 'https://localhost:8765/pay/successful/6642758523', 'NEKI');
INSERT INTO bank.transaction (id, amount, transaction_date, transaction_id, account_id, request_id, transaction_type_id) VALUES (1, 850, '2020-01-24 21:30:48', 2742296852, 3, 1, 2);
INSERT INTO bank.transaction (id, amount, transaction_date, transaction_id, account_id, request_id, transaction_type_id) VALUES (2, 850, '2020-01-24 21:33:10', 6767574711, 3, 1, 2);
INSERT INTO bank.transaction (id, amount, transaction_date, transaction_id, account_id, request_id, transaction_type_id) VALUES (3, 850, '2020-01-24 21:33:34', 1767815073, 3, 1, 2);
INSERT INTO bank.transaction (id, amount, transaction_date, transaction_id, account_id, request_id, transaction_type_id) VALUES (4, 850, '2020-01-24 21:48:44', 8666194302, 3, 1, 2);
INSERT INTO bank.transaction (id, amount, transaction_date, transaction_id, account_id, request_id, transaction_type_id) VALUES (5, 850, '2020-01-24 21:48:45', 8236280444, 4, 1, 1);
INSERT INTO bank.transaction (id, amount, transaction_date, transaction_id, account_id, request_id, transaction_type_id) VALUES (6, 850, '2020-01-24 22:02:44', 6887707548, 3, 1, 2);
INSERT INTO bank.transaction (id, amount, transaction_date, transaction_id, account_id, request_id, transaction_type_id) VALUES (7, 850, '2020-01-24 22:02:44', 6396609514, 4, 1, 1);
INSERT INTO bank.transaction (id, amount, transaction_date, transaction_id, account_id, request_id, transaction_type_id) VALUES (8, 500, '2020-01-24 22:10:55', 6538977203, 3, 2, 2);
INSERT INTO bank.transaction (id, amount, transaction_date, transaction_id, account_id, request_id, transaction_type_id) VALUES (9, 500, '2020-01-24 22:10:55', 2802319896, 4, 2, 1);
INSERT INTO bank.transaction (id, amount, transaction_date, transaction_id, account_id, request_id, transaction_type_id) VALUES (10, 100, '2020-01-24 22:13:28', 9598698808, 3, 3, 2);
INSERT INTO bank.transaction (id, amount, transaction_date, transaction_id, account_id, request_id, transaction_type_id) VALUES (11, 100, '2020-01-24 22:13:28', 9329970821, 4, 3, 1);
INSERT INTO bank.transaction (id, amount, transaction_date, transaction_id, account_id, request_id, transaction_type_id) VALUES (12, 5, '2020-01-31 15:56:52', 2358223886, 3, 4, 2);
INSERT INTO bank.transaction (id, amount, transaction_date, transaction_id, account_id, request_id, transaction_type_id) VALUES (13, 5, '2020-01-31 15:56:53', 5375626879, 4, 4, 1);
INSERT INTO bank.transaction (id, amount, transaction_date, transaction_id, account_id, request_id, transaction_type_id) VALUES (14, 5, '2020-01-31 16:15:58', 4320197597, 3, 4, 2);
INSERT INTO bank.transaction (id, amount, transaction_date, transaction_id, account_id, request_id, transaction_type_id) VALUES (15, 5, '2020-01-31 16:16:00', 4744415090, 4, 4, 1);
INSERT INTO bank.transaction (id, amount, transaction_date, transaction_id, account_id, request_id, transaction_type_id) VALUES (16, 5, '2020-01-31 16:41:49', 2692144497, 3, 4, 2);
INSERT INTO bank.transaction (id, amount, transaction_date, transaction_id, account_id, request_id, transaction_type_id) VALUES (17, 5, '2020-01-31 16:41:49', 4256649804, 4, 4, 1);
INSERT INTO bank.transaction (id, amount, transaction_date, transaction_id, account_id, request_id, transaction_type_id) VALUES (18, 5, '2020-01-31 16:56:18', 6447011219, 3, 4, 2);
INSERT INTO bank.transaction (id, amount, transaction_date, transaction_id, account_id, request_id, transaction_type_id) VALUES (19, 5, '2020-01-31 16:56:26', 1961912633, 4, 4, 1);
INSERT INTO bank.transaction (id, amount, transaction_date, transaction_id, account_id, request_id, transaction_type_id) VALUES (20, 5, '2020-01-31 17:14:18', 5271424498, 3, 4, 2);
INSERT INTO bank.transaction (id, amount, transaction_date, transaction_id, account_id, request_id, transaction_type_id) VALUES (21, 5, '2020-01-31 17:14:24', 4336854734, 4, 4, 1);
INSERT INTO bank.transaction (id, amount, transaction_date, transaction_id, account_id, request_id, transaction_type_id) VALUES (22, 5, '2020-01-31 17:18:57', 2938957476, 3, 4, 2);
INSERT INTO bank.transaction (id, amount, transaction_date, transaction_id, account_id, request_id, transaction_type_id) VALUES (23, 5, '2020-01-31 17:18:57', 8092329214, 4, 4, 1);
INSERT INTO bank.transaction (id, amount, transaction_date, transaction_id, account_id, request_id, transaction_type_id) VALUES (24, 5, '2020-01-31 17:47:03', 2733677293, 3, 4, 2);
INSERT INTO bank.transaction (id, amount, transaction_date, transaction_id, account_id, request_id, transaction_type_id) VALUES (25, 5, '2020-01-31 17:47:03', 1928231510, 4, 4, 1);
INSERT INTO bank.transaction_type (id, name) VALUES (1, 'CREDIT');
INSERT INTO bank.transaction_type (id, name) VALUES (2, 'DEBIT');
INSERT INTO bankservice.client (id, client_id, client_name, merchant_id, merchant_password) VALUES (4, '_CsfltCDjn-RPgxf6hHEjetUIYQDaMa8gM5hpqE-j2A', null, 'NEKI', 'NEKI');
INSERT INTO bankservice.registration_request (id, accessed, client_id, mode, token_id, username) VALUES (1, true, '_CsfltCDjn-RPgxf6hHEjetUIYQDaMa8gM5hpqE-j2A', 'CREATE', 'ca440069-f9df-4fab-9e55-59e223ce3344', 'marko');
INSERT INTO bankservice.transaction (id, amount, client_id, merchant_order_id, successful, timestamp) VALUES (1, 200, 'aXx2CcgHxZP_30XSS48XxbgV_m1nbS2o_ZcUCmhx__4', 1833304378, null, '2020-01-22 18:25:29');
INSERT INTO bankservice.transaction (id, amount, client_id, merchant_order_id, successful, timestamp) VALUES (2, 200, 'aXx2CcgHxZP_30XSS48XxbgV_m1nbS2o_ZcUCmhx__4', 116883706, null, '2020-01-22 18:27:48');
INSERT INTO bankservice.transaction (id, amount, client_id, merchant_order_id, successful, timestamp) VALUES (3, 200, 'aXx2CcgHxZP_30XSS48XxbgV_m1nbS2o_ZcUCmhx__4', 453291331, null, '2020-01-22 18:51:37');
INSERT INTO bankservice.transaction (id, amount, client_id, merchant_order_id, successful, timestamp) VALUES (4, 200, 'aXx2CcgHxZP_30XSS48XxbgV_m1nbS2o_ZcUCmhx__4', 1553251211, null, '2020-01-22 20:31:30');
INSERT INTO bankservice.transaction (id, amount, client_id, merchant_order_id, successful, timestamp) VALUES (5, 200, 'aXx2CcgHxZP_30XSS48XxbgV_m1nbS2o_ZcUCmhx__4', 1677965663, null, '2020-01-22 20:36:38');
INSERT INTO bankservice.transaction (id, amount, client_id, merchant_order_id, successful, timestamp) VALUES (6, 200, 'aXx2CcgHxZP_30XSS48XxbgV_m1nbS2o_ZcUCmhx__4', 636243316, null, '2020-01-22 20:48:59');
INSERT INTO bankservice.transaction (id, amount, client_id, merchant_order_id, successful, timestamp) VALUES (7, 350, 'aXx2CcgHxZP_30XSS48XxbgV_m1nbS2o_ZcUCmhx__4', 737453520, null, '2020-01-23 12:44:33');
INSERT INTO bankservice.transaction (id, amount, client_id, merchant_order_id, successful, timestamp) VALUES (8, 350, 'aXx2CcgHxZP_30XSS48XxbgV_m1nbS2o_ZcUCmhx__4', 518360257, null, '2020-01-23 12:58:45');
INSERT INTO bankservice.transaction (id, amount, client_id, merchant_order_id, successful, timestamp) VALUES (9, 350, 'aXx2CcgHxZP_30XSS48XxbgV_m1nbS2o_ZcUCmhx__4', 1030475310, null, '2020-01-23 13:08:36');
INSERT INTO bankservice.transaction (id, amount, client_id, merchant_order_id, successful, timestamp) VALUES (10, 350, 'aXx2CcgHxZP_30XSS48XxbgV_m1nbS2o_ZcUCmhx__4', 1964255707, null, '2020-01-23 13:17:05');
INSERT INTO bankservice.transaction (id, amount, client_id, merchant_order_id, successful, timestamp) VALUES (11, 350, 'aXx2CcgHxZP_30XSS48XxbgV_m1nbS2o_ZcUCmhx__4', 846034937, null, '2020-01-23 13:19:08');
INSERT INTO bankservice.transaction (id, amount, client_id, merchant_order_id, successful, timestamp) VALUES (12, 350, 'aXx2CcgHxZP_30XSS48XxbgV_m1nbS2o_ZcUCmhx__4', 1485153530, null, '2020-01-23 13:36:53');
INSERT INTO bankservice.transaction (id, amount, client_id, merchant_order_id, successful, timestamp) VALUES (13, 350, 'aXx2CcgHxZP_30XSS48XxbgV_m1nbS2o_ZcUCmhx__4', 1047277480, true, '2020-01-23 13:47:51');
INSERT INTO bankservice.transaction (id, amount, client_id, merchant_order_id, successful, timestamp) VALUES (14, 547, 'aXx2CcgHxZP_30XSS48XxbgV_m1nbS2o_ZcUCmhx__4', 957144189, true, '2020-01-23 20:15:50');
INSERT INTO bankservice.transaction (id, amount, client_id, merchant_order_id, successful, timestamp) VALUES (15, 125, 'aXx2CcgHxZP_30XSS48XxbgV_m1nbS2o_ZcUCmhx__4', 830851208, true, '2020-01-23 21:00:24');
INSERT INTO bankservice.transaction (id, amount, client_id, merchant_order_id, successful, timestamp) VALUES (16, 254, 'aXx2CcgHxZP_30XSS48XxbgV_m1nbS2o_ZcUCmhx__4', 732941124, true, '2020-01-23 21:06:47');
INSERT INTO bankservice.transaction (id, amount, client_id, merchant_order_id, successful, timestamp) VALUES (17, 254, 'aXx2CcgHxZP_30XSS48XxbgV_m1nbS2o_ZcUCmhx__4', 1785178264, true, '2020-01-23 21:09:43');
INSERT INTO bankservice.transaction (id, amount, client_id, merchant_order_id, successful, timestamp) VALUES (18, 850, 'aXx2CcgHxZP_30XSS48XxbgV_m1nbS2o_ZcUCmhx__4', 5605999550, null, '2020-01-24 20:21:08');
INSERT INTO bankservice.transaction (id, amount, client_id, merchant_order_id, successful, timestamp) VALUES (19, 850, 'aXx2CcgHxZP_30XSS48XxbgV_m1nbS2o_ZcUCmhx__4', 6394363724, null, '2020-01-24 20:24:28');
INSERT INTO bankservice.transaction (id, amount, client_id, merchant_order_id, successful, timestamp) VALUES (20, 850, 'aXx2CcgHxZP_30XSS48XxbgV_m1nbS2o_ZcUCmhx__4', 2845626631, true, '2020-01-24 20:28:20');
INSERT INTO bankservice.transaction (id, amount, client_id, merchant_order_id, successful, timestamp) VALUES (21, 500, 'aXx2CcgHxZP_30XSS48XxbgV_m1nbS2o_ZcUCmhx__4', 7788620381, true, '2020-01-24 21:10:06');
INSERT INTO bankservice.transaction (id, amount, client_id, merchant_order_id, successful, timestamp) VALUES (22, 100, 'aXx2CcgHxZP_30XSS48XxbgV_m1nbS2o_ZcUCmhx__4', 9003142195, true, '2020-01-24 21:13:06');
INSERT INTO bankservice.transaction (id, amount, client_id, merchant_order_id, successful, timestamp) VALUES (23, 5, '_CsfltCDjn-RPgxf6hHEjetUIYQDaMa8gM5hpqE-j2A', 6642758523, true, '2020-01-31 14:43:52');
INSERT INTO naucna_c.magazine (id, issn, name, price, reader_pays) VALUES (1, 'issn1', 'Casopis 1', 20, true);
INSERT INTO naucna_c.magazine (id, issn, name, price, reader_pays) VALUES (2, 'issn2', 'Casopis 2', 22, false);
INSERT INTO naucna_c.magazine (id, issn, name, price, reader_pays) VALUES (3, 'issn3', 'Casopis 3', 37, true);
INSERT INTO naucna_c.magazine (id, issn, name, price, reader_pays) VALUES (4, 'issn4', 'Casopis 4', 50, false);
INSERT INTO naucna_c.magazine (id, issn, name, price, reader_pays) VALUES (5, 'issn5', 'Casopis 5', 11, true);
INSERT INTO naucna_c.magazine (id, issn, name, price, reader_pays) VALUES (6, 'issn6', 'Casopis 6', 12, false);
INSERT INTO naucna_c.magazine (id, issn, name, price, reader_pays) VALUES (7, 'issn7', 'Casopis 7', 15.5, true);
INSERT INTO naucna_c.magazine (id, issn, name, price, reader_pays) VALUES (8, 'issn8', 'Casopis 8', 13, false);
INSERT INTO naucna_c.magazine_scientific_area (magazine_list_id, scientific_area_id) VALUES (1, 1);
INSERT INTO naucna_c.magazine_scientific_area (magazine_list_id, scientific_area_id) VALUES (1, 5);
INSERT INTO naucna_c.magazine_scientific_area (magazine_list_id, scientific_area_id) VALUES (2, 2);
INSERT INTO naucna_c.magazine_scientific_area (magazine_list_id, scientific_area_id) VALUES (3, 1);
INSERT INTO naucna_c.magazine_scientific_area (magazine_list_id, scientific_area_id) VALUES (3, 4);
INSERT INTO naucna_c.magazine_scientific_area (magazine_list_id, scientific_area_id) VALUES (4, 2);
INSERT INTO naucna_c.magazine_scientific_area (magazine_list_id, scientific_area_id) VALUES (4, 5);
INSERT INTO naucna_c.magazine_scientific_area (magazine_list_id, scientific_area_id) VALUES (5, 5);
INSERT INTO naucna_c.magazine_scientific_area (magazine_list_id, scientific_area_id) VALUES (6, 3);
INSERT INTO naucna_c.magazine_scientific_area (magazine_list_id, scientific_area_id) VALUES (6, 1);
INSERT INTO naucna_c.magazine_scientific_area (magazine_list_id, scientific_area_id) VALUES (7, 1);
INSERT INTO naucna_c.magazine_scientific_area (magazine_list_id, scientific_area_id) VALUES (8, 4);
INSERT INTO naucna_c.publication (id, description, no, price, title, magazine_id) VALUES (1, 'Ovo je description od izdanja 1', 1, 5, 'Necete verovati sta se desilo!', 1);
INSERT INTO naucna_c.publication (id, description, no, price, title, magazine_id) VALUES (2, 'Ovo je description od izdanja 2', 2, 6, 'Necete verovati sta se opet desilo!', 1);
INSERT INTO naucna_c.role (id, name) VALUES (1, 'ROLE_USER');
INSERT INTO naucna_c.scentific_area (id, name) VALUES (1, 'Area 1');
INSERT INTO naucna_c.scentific_area (id, name) VALUES (2, 'Area 2');
INSERT INTO naucna_c.scentific_area (id, name) VALUES (3, 'Area 3');
INSERT INTO naucna_c.scentific_area (id, name) VALUES (4, 'Area 4');
INSERT INTO naucna_c.scentific_area (id, name) VALUES (5, 'Area 5');
INSERT INTO naucna_c.scentific_area (id, name) VALUES (6, 'Area 6');
INSERT INTO naucna_c.transaction (id, amount, ip_address, success, timestamp, token, username, magazine_id) VALUES (1, 5, '127.0.0.1', null, '2020-01-31 10:59:28', null, 'mihajlo', null);
INSERT INTO naucna_c.transaction (id, amount, ip_address, success, timestamp, token, username, magazine_id) VALUES (2, 5, '127.0.0.1', null, '2020-01-31 11:12:33', null, 'mihajlo', null);
INSERT INTO naucna_c.transaction (id, amount, ip_address, success, timestamp, token, username, magazine_id) VALUES (3, 5, '127.0.0.1', null, '2020-01-31 11:18:22', null, 'mihajlo', null);
INSERT INTO naucna_c.transaction (id, amount, ip_address, success, timestamp, token, username, magazine_id) VALUES (4, 5, '127.0.0.1', null, '2020-01-31 11:40:18', '297f8430-2e9b-4610-914e-bbbb1efb39ef', 'mihajlo', null);
INSERT INTO naucna_c.user (id, city, country, email, first_name, last_name, password, title, username, is_enabled, is_verified, last_password_reset_date) VALUES (1, 'Novi Sad', 'Serbia', 'vmosorinski@gmail.com', 'Veljko', 'Mosorinski', '$2a$10$sdS4tyjj41yuxYrSwQUYIeT1dOlvcBxWA8COUEYzDM18bs6.kj5Xe', 'Dipl. ing', 'veljko', true, true, null);
INSERT INTO naucna_c.user (id, city, country, email, first_name, last_name, password, title, username, is_enabled, is_verified, last_password_reset_date) VALUES (2, 'Novi Sad', 'Serbia', 'mihajlol@gmail.com', 'Mihajlo', 'Levarski', '$2a$10$zUOD59wuEsBFSBzRLVr.eO3XNGhcz9.EeIm24WddRAxE6eIjueESS', 'Dipl. ing', 'mihajlo', true, true, null);
INSERT INTO naucna_c.user (id, city, country, email, first_name, last_name, password, title, username, is_enabled, is_verified, last_password_reset_date) VALUES (3, 'Novi Sad', 'Serbia', 'milicamat@gmail.com', 'Milica', 'Matijevic', '$2a$10$wn2wzdZS2Ffrcx75OTRnye/j3VebFZomzxBJisL/0w3rdPJtYVih2', 'Dipl. ing', 'milica', true, true, null);
INSERT INTO naucna_c.user (id, city, country, email, first_name, last_name, password, title, username, is_enabled, is_verified, last_password_reset_date) VALUES (4, 'Belgrade', 'Serbia', 'djordjej@gmail.com', 'Djordje', 'Jovanovic', '$2a$10$hveZzwUYFsUwjnM/Ske/VeWEOkY0k/jwrw/DDRdnaOBDRIvztNjmm', 'Dipl. ing', 'djordje', true, true, null);
INSERT INTO naucna_c.user (id, city, country, email, first_name, last_name, password, title, username, is_enabled, is_verified, last_password_reset_date) VALUES (5, 'Nis', 'Serbia', 'peraperic@gmail.com', 'Petar', 'Peric', '$2a$10$9E7q3MXImIxCwFJj8dlkuOlEZDEHp2OovmJfolHeiot/VGD1MyzpG', 'Dipl. ing', 'petar', true, true, null);
INSERT INTO naucna_c.user (id, city, country, email, first_name, last_name, password, title, username, is_enabled, is_verified, last_password_reset_date) VALUES (6, 'Kragujevac', 'Serbia', 'jmarkovic@gmail.com', 'Jovan', 'Markovic', '$2a$10$gN0RvhS0HOqPXuuWWCDkWexm1gWxxGsjcQT.zVrhVIuw3LREfWVdi', 'Srednjoskolac', 'jovan', true, true, null);
INSERT INTO naucna_c.user (id, city, country, email, first_name, last_name, password, title, username, is_enabled, is_verified, last_password_reset_date) VALUES (7, 'Jagodina', 'Serbia', 'lmartinovic@gmail.com', 'Lea', 'Martinovic', '$2a$10$uabDAg80c3Jd6uFAoTMfR.LzOrih5DXy3X.s4tTEwjhqozh/QiiKq', 'Hemicar', 'lea', true, true, null);
INSERT INTO naucna_c.user (id, city, country, email, first_name, last_name, password, title, username, is_enabled, is_verified, last_password_reset_date) VALUES (8, 'Novi Sad', 'Serbia', 'd1547450@urhen.com', 'Nikola', 'Nikolic', '$2a$10$Aa/rpEZEyIgIByoeNxxZOOF.GyC0MYTHrXOOTMaVMppVOKX33VQ0i', null, 'nikola', true, true, null);
INSERT INTO naucna_c.user_magazine_redactor (redactors_id, magazine_redactor_id) VALUES (1, 1);
INSERT INTO naucna_c.user_magazine_redactor (redactors_id, magazine_redactor_id) VALUES (2, 1);
INSERT INTO naucna_c.user_magazine_redactor (redactors_id, magazine_redactor_id) VALUES (3, 2);
INSERT INTO naucna_c.user_magazine_redactor (redactors_id, magazine_redactor_id) VALUES (5, 2);
INSERT INTO naucna_c.user_magazine_reviewer (reviewer_id, magazine_reviewer_id) VALUES (3, 1);
INSERT INTO naucna_c.user_magazine_reviewer (reviewer_id, magazine_reviewer_id) VALUES (4, 1);
INSERT INTO naucna_c.user_magazine_reviewer (reviewer_id, magazine_reviewer_id) VALUES (1, 2);
INSERT INTO naucna_c.user_magazine_reviewer (reviewer_id, magazine_reviewer_id) VALUES (2, 2);
INSERT INTO naucna_c.user_roles (user_id, role_id) VALUES (1, 1);
INSERT INTO naucna_c.user_roles (user_id, role_id) VALUES (2, 1);
INSERT INTO naucna_c.user_roles (user_id, role_id) VALUES (3, 1);
INSERT INTO naucna_c.user_roles (user_id, role_id) VALUES (4, 1);
INSERT INTO naucna_c.user_roles (user_id, role_id) VALUES (5, 1);
INSERT INTO naucna_c.user_roles (user_id, role_id) VALUES (6, 1);
INSERT INTO naucna_c.user_roles (user_id, role_id) VALUES (7, 1);
INSERT INTO naucna_c.user_roles (user_id, role_id) VALUES (8, 1);
INSERT INTO naucna_c.verification_token (id, expiry_date, verification_token, user_id) VALUES (1, '2020-01-31 13:47:43', 'bcc5b269-3557-48f5-bc69-4cdc74acc1d0', 8);
INSERT INTO sellersdb.client (id, client_id, client_name, error_url, failed_url, success_url, username, registration_date) VALUES (1, 'aXx2CcgHxZP_30XSS48XxbgV_m1nbS2o_ZcUCmhx__4', 'center', 'https://localhost:8080/center/pay/error', 'https://localhost:8080/center/pay/fail', 'https://localhost:8080/center/pay/success', null, null);
INSERT INTO sellersdb.client (id, client_id, client_name, error_url, failed_url, success_url, username, registration_date) VALUES (3, '_CsfltCDjn-RPgxf6hHEjetUIYQDaMa8gM5hpqE-j2A', 'science-center', 'https://localhost:8080/center/pay/error', 'https://localhost:8080/center/pay/fail', 'https://localhost:8080/center/pay/success', 'marko', '2020-01-29 19:15:31');
INSERT INTO sellersdb.client_payment_types (client_id, payment_type_id) VALUES (1, 1);
INSERT INTO sellersdb.client_payment_types (client_id, payment_type_id) VALUES (1, 2);
INSERT INTO sellersdb.client_payment_types (client_id, payment_type_id) VALUES (1, 3);
INSERT INTO sellersdb.client_payment_types (client_id, payment_type_id) VALUES (3, 1);
INSERT INTO sellersdb.payment_request (id, amount, token, transaction_id, client_id, payment_type_id, accessed, status) VALUES (1, 200, '2aaf0979-f359-4364-ab3a-c7c20527af93', null, 1, null, null, null);
INSERT INTO sellersdb.payment_request (id, amount, token, transaction_id, client_id, payment_type_id, accessed, status) VALUES (2, 200, '67d919e2-59d6-4778-a1f5-82edeb4d1bcf', null, 1, null, null, null);
INSERT INTO sellersdb.payment_request (id, amount, token, transaction_id, client_id, payment_type_id, accessed, status) VALUES (3, 200, '0ff464e8-9c7d-43b3-b1ba-22d2d3a8ce1d', null, 1, null, null, null);
INSERT INTO sellersdb.payment_request (id, amount, token, transaction_id, client_id, payment_type_id, accessed, status) VALUES (4, 350, 'a50e8b9a-0552-4e9d-bdea-8aa6e670c416', null, 1, null, null, null);
INSERT INTO sellersdb.payment_request (id, amount, token, transaction_id, client_id, payment_type_id, accessed, status) VALUES (5, 350, '981313e3-f525-4eed-8385-38067392c984', '1047277480', 1, 1, null, null);
INSERT INTO sellersdb.payment_request (id, amount, token, transaction_id, client_id, payment_type_id, accessed, status) VALUES (6, 547, '3fbb22e6-5814-4b53-b958-ab513907ebeb', null, 1, null, null, null);
INSERT INTO sellersdb.payment_request (id, amount, token, transaction_id, client_id, payment_type_id, accessed, status) VALUES (7, 547, '31f838ab-e0ef-4f30-816d-9eeb3fcd18aa', '957144189', 1, 1, null, null);
INSERT INTO sellersdb.payment_request (id, amount, token, transaction_id, client_id, payment_type_id, accessed, status) VALUES (8, 4560, '4d05cbd2-7dd5-401d-a86c-105c130e0776', null, 1, null, null, null);
INSERT INTO sellersdb.payment_request (id, amount, token, transaction_id, client_id, payment_type_id, accessed, status) VALUES (9, 4560, '56bb113f-8c1a-46b3-acd7-fa0127b78f71', null, 1, null, null, null);
INSERT INTO sellersdb.payment_request (id, amount, token, transaction_id, client_id, payment_type_id, accessed, status) VALUES (10, 125, '57bcfef6-8f1e-413f-ba30-1e0612cf5906', '830851208', 1, 1, null, null);
INSERT INTO sellersdb.payment_request (id, amount, token, transaction_id, client_id, payment_type_id, accessed, status) VALUES (11, 546, 'd644fe59-bfd9-4a59-87e9-0d38d5cfef40', null, 1, null, null, null);
INSERT INTO sellersdb.payment_request (id, amount, token, transaction_id, client_id, payment_type_id, accessed, status) VALUES (12, 254, '86665c05-6db5-4b7b-b9bc-42f7db377b31', '732941124', 1, 1, null, null);
INSERT INTO sellersdb.payment_request (id, amount, token, transaction_id, client_id, payment_type_id, accessed, status) VALUES (13, 254, 'f1c964c0-5467-4271-a419-50180bbfb207', '1785178264', 1, 1, null, null);
INSERT INTO sellersdb.payment_request (id, amount, token, transaction_id, client_id, payment_type_id, accessed, status) VALUES (14, 850, '1c42bd9d-460b-4132-ae8a-47d4f0928660', null, 1, null, null, null);
INSERT INTO sellersdb.payment_request (id, amount, token, transaction_id, client_id, payment_type_id, accessed, status) VALUES (15, 850, '34b57e46-6b56-4fcb-8d15-685e223963a9', null, 1, null, null, null);
INSERT INTO sellersdb.payment_request (id, amount, token, transaction_id, client_id, payment_type_id, accessed, status) VALUES (16, 850, '6a5b7550-35e8-4491-8aa1-0626f7bc779f', '2845626631', 1, 1, null, null);
INSERT INTO sellersdb.payment_request (id, amount, token, transaction_id, client_id, payment_type_id, accessed, status) VALUES (17, 500, '46a252dc-8a0f-4535-8fbe-7aa5fd1783de', '7788620381', 1, 1, null, null);
INSERT INTO sellersdb.payment_request (id, amount, token, transaction_id, client_id, payment_type_id, accessed, status) VALUES (18, 100, '9e366bff-c2cf-442a-b820-5ace233d9643', '9003142195', 1, 1, null, null);
INSERT INTO sellersdb.payment_request (id, amount, token, transaction_id, client_id, payment_type_id, accessed, status) VALUES (19, 200, 'be54bc6f-c089-452b-acca-441fceb2f788', null, 1, null, null, null);
INSERT INTO sellersdb.payment_request (id, amount, token, transaction_id, client_id, payment_type_id, accessed, status) VALUES (20, 200, '3b47f032-d6c2-4cb0-9888-2ce65ccedd44', null, 1, null, null, null);
INSERT INTO sellersdb.payment_request (id, amount, token, transaction_id, client_id, payment_type_id, accessed, status) VALUES (21, 200, '7e34257d-79f9-44d9-b47e-1e4ce8309670', null, 3, null, false, null);
INSERT INTO sellersdb.payment_request (id, amount, token, transaction_id, client_id, payment_type_id, accessed, status) VALUES (22, 5, '1c875bd1-e46c-4602-a6ee-8e4665ee2630', null, 3, null, false, null);
INSERT INTO sellersdb.payment_request (id, amount, token, transaction_id, client_id, payment_type_id, accessed, status) VALUES (23, 5, '8209a979-4c6d-4fec-9661-d60fed844185', null, 3, null, false, null);
INSERT INTO sellersdb.payment_request (id, amount, token, transaction_id, client_id, payment_type_id, accessed, status) VALUES (24, 5, '297f8430-2e9b-4610-914e-bbbb1efb39ef', '6642758523', 3, 1, false, null);
INSERT INTO sellersdb.payment_type (id, name, service_name) VALUES (1, 'Bank', 'bank-service');
INSERT INTO sellersdb.payment_type (id, name, service_name) VALUES (2, 'PayPal', 'paypal-service');
INSERT INTO sellersdb.payment_type (id, name, service_name) VALUES (3, 'BitCoin', 'bitcoin-service');